STATE,STATENAME,ST_CASE,PEDS,PERNOTMVIT,VE_TOTAL,VE_FORMS,PVH_INVL,PERSONS,PERMVIT,COUNTY,COUNTYNAME,CITY,CITYNAME,MONTH,MONTHNAME,DAY,DAYNAME,DAY_WEEK,DAY_WEEKNAME,YEAR,HOUR,HOURNAME,MINUTE,MINUTENAME,TWAY_ID,TWAY_ID2,ROUTE,ROUTENAME,RUR_URB,RUR_URBNAME,FUNC_SYS,FUNC_SYSNAME,RD_OWNER,RD_OWNERNAME,NHS,NHSNAME,SP_JUR,SP_JURNAME,MILEPT,MILEPTNAME,LATITUDE,LATITUDENAME,LONGITUD,LONGITUDNAME,HARM_EV,HARM_EVNAME,MAN_COLL,MAN_COLLNAME,RELJCT1,RELJCT1NAME,RELJCT2,RELJCT2NAME,TYP_INT,TYP_INTNAME,REL_ROAD,REL_ROADNAME,WRK_ZONE,WRK_ZONENAME,LGT_COND,LGT_CONDNAME,WEATHER,WEATHERNAME,SCH_BUS,SCH_BUSNAME,RAIL,RAILNAME,NOT_HOUR,NOT_HOURNAME,NOT_MIN,NOT_MINNAME,ARR_HOUR,ARR_HOURNAME,ARR_MIN,ARR_MINNAME,HOSP_HR,HOSP_HRNAME,HOSP_MN,HOSP_MNNAME,FATALS
5,Arkansas,50113,0,0,1,1,0,1,1,53,GRANT (53),3550,SHERIDAN,4,April,8,8,6,Friday,2022,20,8:00pm-8:59pm,40,40,US-270,NA,2,US Highway,2,Urban,3,Principal Arterial - Other,1,State Highway Agency,1,This section IS ON the NHS,0,No Special Jurisdiction,0,None,34.31301111,34.31301111,-92.43866111,-92.43866111,42,Tree (Standing Only),0,The First Harmful Event was Not a Collision with a Motor Vehicle in Transport,0,No,1,Non-Junction,1,Not an Intersection,4,On Roadside,0,None,2,Dark - Not Lighted,1,Clear,0,No,0000000,Not Applicable,20,8:00pm-8:59pm,55,55,21,9:00pm-9:59pm,0,0,88,Not Applicable (Not Transported),88,Not Applicable (Not Transported),1
5,Arkansas,50114,0,0,2,2,0,3,3,109,PIKE (109),0,NOT APPLICABLE,4,April,9,9,7,Saturday,2022,17,5:00pm-5:59pm,20,20,CR-IRENE RD,NA,4,County Road,1,Rural,7,Local,2,County Highway Agency,0,This section IS NOT on the NHS,0,No Special Jurisdiction,3,3,34.11226667,34.11226667,-93.68354167,-93.68354167,12,Motor Vehicle In-Transport,7,Sideswipe - Same Direction,0,No,1,Non-Junction,1,Not an Intersection,1,On Roadway,0,None,1,Daylight,1,Clear,0,No,0000000,Not Applicable,17,5:00pm-5:59pm,23,23,17,5:00pm-5:59pm,28,28,88,Not Applicable (Not Transported),88,Not Applicable (Not Transported),1
5,Arkansas,50115,0,0,1,1,0,1,1,123,ST FRANCIS (123),4140,WHEATLEY,4,April,4,4,2,Monday,2022,9,9:00am-9:59am,24,24,I-40,NA,1,Interstate,1,Rural,1,Interstate,1,State Highway Agency,1,This section IS ON the NHS,0,No Special Jurisdiction,2202,2202,34.92748333,34.92748333,-91.12068056,-91.12068056,57,Cable Barrier,0,The First Harmful Event was Not a Collision with a Motor Vehicle in Transport,0,No,1,Non-Junction,1,Not an Intersection,3,On Median,0,None,1,Daylight,10,Cloudy,0,No,0000000,Not Applicable,9,9:00am-9:59am,25,25,9,9:00am-9:59am,52,52,99,Unknown,99,Unknown EMS Hospital Arrival Time,1
5,Arkansas,50116,0,0,1,1,0,1,1,49,FULTON (49),0,NOT APPLICABLE,4,April,1,1,6,Friday,2022,15,3:00pm-3:59pm,25,25,US-62,NA,2,US Highway,1,Rural,3,Principal Arterial - Other,1,State Highway Agency,1,This section IS ON the NHS,0,No Special Jurisdiction,186,186,36.37809167,36.37809167,-91.85508333,-91.85508333,38,Fence,0,The First Harmful Event was Not a Collision with a Motor Vehicle in Transport,0,No,1,Non-Junction,1,Not an Intersection,4,On Roadside,0,None,1,Daylight,1,Clear,0,No,0000000,Not Applicable,15,3:00pm-3:59pm,28,28,15,3:00pm-3:59pm,33,33,15,3:00pm-3:59pm,57,57,1
5,Arkansas,50117,0,0,2,2,0,3,3,69,JEFFERSON (69),3150,PINE BLUFF,2,February,27,27,1,Sunday,2022,13,1:00pm-1:59pm,11,11,CS-CHERRY ST,CS-31ST AVE,6,Local Street - Municipality,2,Urban,7,Local,3,Town or Township Highway Agency,0,This section IS NOT on the NHS,0,No Special Jurisdiction,0,None,34.19806389,34.19806389,-92.01342778,-92.01342778,12,Motor Vehicle In-Transport,6,Angle,0,No,2,Intersection,2,Four-Way Intersection,1,On Roadway,0,None,1,Daylight,1,Clear,0,No,0000000,Not Applicable,13,1:00pm-1:59pm,17,17,13,1:00pm-1:59pm,20,20,99,Unknown,99,Unknown EMS Hospital Arrival Time,1
5,Arkansas,50119,0,0,1,1,0,3,3,9,BOONE (9),0,NOT APPLICABLE,4,April,2,2,7,Saturday,2022,13,1:00pm-1:59pm,50,50,CR-BILL HUDSON DR,NA,4,County Road,1,Rural,7,Local,2,County Highway Agency,0,This section IS NOT on the NHS,0,No Special Jurisdiction,6,6,36.35095278,36.35095278,-93.01308611,-93.01308611,1,Rollover/Overturn,0,The First Harmful Event was Not a Collision with a Motor Vehicle in Transport,0,No,1,Non-Junction,1,Not an Intersection,1,On Roadway,0,None,1,Daylight,1,Clear,0,No,0000000,Not Applicable,13,1:00pm-1:59pm,56,56,14,2:00pm-2:59pm,15,15,88,Not Applicable (Not Transported),88,Not Applicable (Not Transported),1
5,Arkansas,50120,0,0,2,2,0,4,4,119,PULASKI (119),2880,NORTH LITTLE ROCK,4,April,7,7,5,Thursday,2022,23,11:00pm-11:59pm,35,35,CS- BISHOP LINDSEY AVE,N LOCUST ST,6,Local Street - Municipality,2,Urban,5,Major Collector,3,Town or Township Highway Agency,0,This section IS NOT on the NHS,0,No Special Jurisdiction,0,None,34.75990833,34.75990833,-92.26160556,-92.26160556,12,Motor Vehicle In-Transport,6,Angle,0,No,2,Intersection,2,Four-Way Intersection,1,On Roadway,0,None,3,Dark - Lighted,1,Clear,0,No,0000000,Not Applicable,23,11:00pm-11:59pm,35,35,0,0:00am-0:59am,3,3,0,0:00am-0:59am,28,28,2
5,Arkansas,50121,1,1,1,1,0,1,1,119,PULASKI (119),2320,LITTLE ROCK,4,April,15,15,6,Friday,2022,20,8:00pm-8:59pm,50,50,SR-10,UNNAMED ROADWAY,3,State Highway,2,Urban,3,Principal Arterial - Other,1,State Highway Agency,1,This section IS ON the NHS,0,No Special Jurisdiction,54,54,34.80238056,34.80238056,-92.42897222,-92.42897222,8,Pedestrian,0,The First Harmful Event was Not a Collision with a Motor Vehicle in Transport,0,No,3,Intersection-Related,3,T-Intersection,1,On Roadway,0,None,2,Dark - Not Lighted,10,Cloudy,0,No,0000000,Not Applicable,20,8:00pm-8:59pm,50,50,20,8:00pm-8:59pm,50,50,88,Not Applicable (Not Transported),88,Not Applicable (Not Transported),1
5,Arkansas,50122,0,0,1,1,0,1,1,119,PULASKI (119),0,NOT APPLICABLE,4,April,7,7,5,Thursday,2022,18,6:00pm-6:59pm,45,45,I-40,NA,1,Interstate,2,Urban,1,Interstate,1,State Highway Agency,1,This section IS ON the NHS,0,No Special Jurisdiction,1421,1421,34.88555,34.88555,-92.37967778,-92.37967778,21,Bridge Pier or Support,0,The First Harmful Event was Not a Collision with a Motor Vehicle in Transport,0,No,1,Non-Junction,1,Not an Intersection,3,On Median,0,None,1,Daylight,10,Cloudy,0,No,0000000,Not Applicable,99,Unknown,99,Unknown,99,Unknown EMS Scene Arrival Hour,99,Unknown EMS Scene Arrival Minutes,88,Not Applicable (Not Transported),88,Not Applicable (Not Transported),1
5,Arkansas,50123,0,0,1,1,0,1,1,103,OUACHITA (103),0,NOT APPLICABLE,4,April,9,9,7,Saturday,2022,19,7:00pm-7:59pm,32,32,CR-31,NA,4,County Road,1,Rural,7,Local,2,County Highway Agency,0,This section IS NOT on the NHS,0,No Special Jurisdiction,25,25,33.69826111,33.69826111,-92.79094722,-92.79094722,1,Rollover/Overturn,0,The First Harmful Event was Not a Collision with a Motor Vehicle in Transport,0,No,1,Non-Junction,1,Not an Intersection,4,On Roadside,0,None,1,Daylight,1,Clear,0,No,0000000,Not Applicable,19,7:00pm-7:59pm,39,39,20,8:00pm-8:59pm,23,23,21,9:00pm-9:59pm,14,14,1
5,Arkansas,50124,0,0,2,2,0,3,3,63,INDEPENDENCE (63),0,NOT APPLICABLE,4,April,8,8,6,Friday,2022,15,3:00pm-3:59pm,21,21,SR-69,NA,3,State Highway,1,Rural,4,Minor Arterial,1,State Highway Agency,0,This section IS NOT on the NHS,0,No Special Jurisdiction,84,84,35.83826111,35.83826111,-91.73489444,-91.73489444,12,Motor Vehicle In-Transport,6,Angle,0,No,8,Driveway Access Related,1,Not an Intersection,1,On Roadway,0,None,1,Daylight,10,Cloudy,0,No,0000000,Not Applicable,99,Unknown,99,Unknown,99,Unknown EMS Scene Arrival Hour,99,Unknown EMS Scene Arrival Minutes,99,Unknown,99,Unknown EMS Hospital Arrival Time,1
5,Arkansas,50125,0,0,1,1,0,1,1,23,CLEBURNE (23),0,NOT APPLICABLE,4,April,9,9,7,Saturday,2022,14,2:00pm-2:59pm,50,50,SR-25,NA,3,State Highway,1,Rural,4,Minor Arterial,1,State Highway Agency,0,This section IS NOT on the NHS,0,No Special Jurisdiction,15,15,35.47118611,35.47118611,-92.02429167,-92.02429167,59,Traffic Sign Support,0,The First Harmful Event was Not a Collision with a Motor Vehicle in Transport,0,No,1,Non-Junction,1,Not an Intersection,4,On Roadside,0,None,1,Daylight,1,Clear,0,No,0000000,Not Applicable,14,2:00pm-2:59pm,58,58,15,3:00pm-3:59pm,3,3,99,Unknown,99,Unknown EMS Hospital Arrival Time,1
5,Arkansas,50126,0,0,2,2,0,4,4,131,SEBASTIAN (131),0,NOT APPLICABLE,4,April,5,5,3,Tuesday,2022,9,9:00am-9:59am,18,18,US-71,NA,2,US Highway,2,Urban,3,Principal Arterial - Other,1,State Highway Agency,1,This section IS ON the NHS,0,No Special Jurisdiction,40,40,35.24381389,35.24381389,-94.33681111,-94.33681111,12,Motor Vehicle In-Transport,1,Front-to-Rear,0,No,4,Driveway Access,1,Not an Intersection,1,On Roadway,0,None,1,Daylight,1,Clear,0,No,0000000,Not Applicable,9,9:00am-9:59am,19,19,9,9:00am-9:59am,34,34,10,10:00am-10:59am,8,8,1
5,Arkansas,50127,0,0,1,1,0,1,1,119,PULASKI (119),0,NOT APPLICABLE,4,April,10,10,1,Sunday,2022,0,0:00am-0:59am,9,9,I-530,NA,1,Interstate,1,Rural,1,Interstate,1,State Highway Agency,1,This section IS ON the NHS,0,No Special Jurisdiction,67,67,34.61697222,34.61697222,-92.268975,-92.268975,1,Rollover/Overturn,0,The First Harmful Event was Not a Collision with a Motor Vehicle in Transport,1,Yes,20,Entrance/Exit Ramp,1,Not an Intersection,1,On Roadway,0,None,2,Dark - Not Lighted,1,Clear,0,No,0000000,Not Applicable,0,0:00am-0:59am,14,14,0,0:00am-0:59am,24,24,88,Not Applicable (Not Transported),88,Not Applicable (Not Transported),1
5,Arkansas,50128,0,0,1,1,0,1,1,83,LOGAN (83),0,NOT APPLICABLE,4,April,10,10,1,Sunday,2022,2,2:00am-2:59am,25,25,SR-393,NA,3,State Highway,1,Rural,5,Major Collector,1,State Highway Agency,0,This section IS NOT on the NHS,0,No Special Jurisdiction,8,8,35.37457778,35.37457778,-93.56712222,-93.56712222,11,Live Animal,0,The First Harmful Event was Not a Collision with a Motor Vehicle in Transport,0,No,1,Non-Junction,1,Not an Intersection,1,On Roadway,0,None,2,Dark - Not Lighted,1,Clear,0,No,0000000,Not Applicable,2,2:00am-2:59am,28,28,2,2:00am-2:59am,46,46,99,Unknown,99,Unknown EMS Hospital Arrival Time,1
5,Arkansas,50129,0,0,1,1,0,2,2,113,POLK (113),0,NOT APPLICABLE,4,April,19,19,3,Tuesday,2022,20,8:00pm-8:59pm,20,20,CR-26,NA,4,County Road,1,Rural,7,Local,2,County Highway Agency,0,This section IS NOT on the NHS,0,No Special Jurisdiction,41,41,34.47887778,34.47887778,-94.45730833,-94.45730833,1,Rollover/Overturn,0,The First Harmful Event was Not a Collision with a Motor Vehicle in Transport,0,No,1,Non-Junction,1,Not an Intersection,4,On Roadside,0,None,2,Dark - Not Lighted,1,Clear,0,No,0000000,Not Applicable,20,8:00pm-8:59pm,25,25,20,8:00pm-8:59pm,37,37,88,Not Applicable (Not Transported),88,Not Applicable (Not Transported),1
5,Arkansas,50130,0,0,1,1,0,1,1,69,JEFFERSON (69),0,NOT APPLICABLE,3,March,16,16,4,Wednesday,2022,20,8:00pm-8:59pm,12,12,SR-15,CR-FERDA RD,3,State Highway,1,Rural,4,Minor Arterial,1,State Highway Agency,0,This section IS NOT on the NHS,0,No Special Jurisdiction,116,116,34.45908056,34.45908056,-91.95500278,-91.95500278,35,Embankment,0,The First Harmful Event was Not a Collision with a Motor Vehicle in Transport,0,No,3,Intersection-Related,10,L-Intersection,4,On Roadside,0,None,2,Dark - Not Lighted,1,Clear,0,No,0000000,Not Applicable,20,8:00pm-8:59pm,19,19,20,8:00pm-8:59pm,19,19,99,Unknown,99,Unknown EMS Hospital Arrival Time,1
5,Arkansas,50131,0,0,1,1,0,1,1,119,PULASKI (119),0,NOT APPLICABLE,2,February,10,10,5,Thursday,2022,15,3:00pm-3:59pm,20,20,CR-SINGLEY RD,NA,4,County Road,1,Rural,7,Local,2,County Highway Agency,0,This section IS NOT on the NHS,0,No Special Jurisdiction,5,5,34.59299167,34.59299167,-92.33460278,-92.33460278,11,Live Animal,0,The First Harmful Event was Not a Collision with a Motor Vehicle in Transport,0,No,1,Non-Junction,1,Not an Intersection,1,On Roadway,0,None,1,Daylight,1,Clear,0,No,0000000,Not Applicable,15,3:00pm-3:59pm,21,21,15,3:00pm-3:59pm,25,25,88,Not Applicable (Not Transported),88,Not Applicable (Not Transported),1
5,Arkansas,50132,0,0,2,2,0,3,3,121,RANDOLPH (121),3190,POCAHONTAS,4,April,12,12,3,Tuesday,2022,14,2:00pm-2:59pm,12,12,US-67,NA,2,US Highway,2,Urban,3,Principal Arterial - Other,1,State Highway Agency,1,This section IS ON the NHS,0,No Special Jurisdiction,4,4,36.26030833,36.26030833,-90.96948611,-90.96948611,12,Motor Vehicle In-Transport,2,Front-to-Front,0,No,1,Non-Junction,1,Not an Intersection,1,On Roadway,0,None,1,Daylight,10,Cloudy,0,No,0000000,Not Applicable,14,2:00pm-2:59pm,12,12,14,2:00pm-2:59pm,20,20,14,2:00pm-2:59pm,49,49,2
5,Arkansas,50133,0,0,1,1,0,5,5,119,PULASKI (119),2320,LITTLE ROCK,4,April,10,10,1,Sunday,2022,7,7:00am-7:59am,25,25,I-30,NA,1,Interstate,2,Urban,1,Interstate,1,State Highway Agency,1,This section IS ON the NHS,0,No Special Jurisdiction,131,131,34.66603889,34.66603889,-92.39196111,-92.39196111,20,Impact Attenuator/Crash Cushion,0,The First Harmful Event was Not a Collision with a Motor Vehicle in Transport,0,No,5,Entrance/Exit Ramp Related,1,Not an Intersection,8,Gore,0,None,1,Daylight,1,Clear,0,No,0000000,Not Applicable,7,7:00am-7:59am,32,32,7,7:00am-7:59am,33,33,99,Unknown,99,Unknown EMS Hospital Arrival Time,1
5,Arkansas,50134,0,0,2,2,0,2,2,71,JOHNSON (71),0,NOT APPLICABLE,4,April,13,13,4,Wednesday,2022,8,8:00am-8:59am,45,45,CR-2250,NA,4,County Road,1,Rural,7,Local,2,County Highway Agency,0,This section IS NOT on the NHS,0,No Special Jurisdiction,5,5,35.42639444,35.42639444,-93.54653611,-93.54653611,12,Motor Vehicle In-Transport,1,Front-to-Rear,0,No,1,Non-Junction,1,Not an Intersection,1,On Roadway,0,None,1,Daylight,2,Rain,0,No,0000000,Not Applicable,8,8:00am-8:59am,47,47,9,9:00am-9:59am,2,2,88,Not Applicable (Not Transported),88,Not Applicable (Not Transported),1
5,Arkansas,50135,0,0,1,1,0,2,2,59,HOT SPRING (59),0,NOT APPLICABLE,4,April,16,16,7,Saturday,2022,1,1:00am-1:59am,58,58,US-67 MALVERN RD,NA,2,US Highway,1,Rural,5,Major Collector,1,State Highway Agency,0,This section IS NOT on the NHS,0,No Special Jurisdiction,1,1,34.20679167,34.20679167,-93.0255,-93.0255,1,Rollover/Overturn,0,The First Harmful Event was Not a Collision with a Motor Vehicle in Transport,0,No,1,Non-Junction,1,Not an Intersection,4,On Roadside,0,None,2,Dark - Not Lighted,1,Clear,0,No,0000000,Not Applicable,2,2:00am-2:59am,14,14,2,2:00am-2:59am,38,38,99,Unknown,99,Unknown EMS Hospital Arrival Time,1
5,Arkansas,50136,0,0,2,2,0,6,6,35,CRITTENDEN (35),4120,WEST MEMPHIS,4,April,23,23,7,Saturday,2022,18,6:00pm-6:59pm,44,44,E SERVICE RD 55,NA,7,Local Street - Frontage Road,2,Urban,7,Local,1,State Highway Agency,0,This section IS NOT on the NHS,0,No Special Jurisdiction,9,9,35.14939722,35.14939722,-90.13636667,-90.13636667,12,Motor Vehicle In-Transport,2,Front-to-Front,0,No,1,Non-Junction,1,Not an Intersection,1,On Roadway,0,None,1,Daylight,1,Clear,0,No,0000000,Not Applicable,18,6:00pm-6:59pm,46,46,19,7:00pm-7:59pm,9,9,19,7:00pm-7:59pm,35,35,1
5,Arkansas,50137,0,0,1,1,0,1,1,143,WASHINGTON (143),1310,FAYETTEVILLE,4,April,2,2,7,Saturday,2022,20,8:00pm-8:59pm,38,38,CS-OLD MISSOURI,NA,6,Local Street - Municipality,2,Urban,6,Minor Collector,4,City or Municipal Highway Agency,0,This section IS NOT on the NHS,0,No Special Jurisdiction,0,None,36.126275,36.126275,-94.13010833,-94.13010833,34,Ditch,0,The First Harmful Event was Not a Collision with a Motor Vehicle in Transport,0,No,1,Non-Junction,1,Not an Intersection,4,On Roadside,0,None,2,Dark - Not Lighted,1,Clear,0,No,0000000,Not Applicable,20,8:00pm-8:59pm,40,40,20,8:00pm-8:59pm,47,47,88,Not Applicable (Not Transported),88,Not Applicable (Not Transported),1
5,Arkansas,50139,0,0,2,2,0,7,7,111,POINSETT (111),0,NOT APPLICABLE,4,April,22,22,6,Friday,2022,18,6:00pm-6:59pm,45,45,SR-140,NA,3,State Highway,1,Rural,4,Minor Arterial,1,State Highway Agency,0,This section IS NOT on the NHS,0,No Special Jurisdiction,86,86,35.61366667,35.61366667,-90.35541389,-90.35541389,12,Motor Vehicle In-Transport,6,Angle,0,No,8,Driveway Access Related,1,Not an Intersection,1,On Roadway,0,None,1,Daylight,1,Clear,0,No,0000000,Not Applicable,18,6:00pm-6:59pm,48,48,18,6:00pm-6:59pm,54,54,99,Unknown,99,Unknown EMS Hospital Arrival Time,1
5,Arkansas,50140,0,0,2,2,0,2,2,55,GREENE (55),3030,PARAGOULD,4,April,26,26,3,Tuesday,2022,17,5:00pm-5:59pm,12,12,US-49,PRUETTS CHAPEL RD,2,US Highway,2,Urban,3,Principal Arterial - Other,1,State Highway Agency,1,This section IS ON the NHS,0,No Special Jurisdiction,184,184,36.03657222,36.03657222,-90.51576667,-90.51576667,12,Motor Vehicle In-Transport,7,Sideswipe - Same Direction,0,No,3,Intersection-Related,3,T-Intersection,1,On Roadway,0,None,1,Daylight,1,Clear,0,No,0000000,Not Applicable,17,5:00pm-5:59pm,14,14,17,5:00pm-5:59pm,19,19,99,Unknown,99,Unknown EMS Hospital Arrival Time,1
5,Arkansas,50142,0,0,1,1,0,2,2,65,IZARD (65),1905,HORSESHOE BEND,4,April,28,28,5,Thursday,2022,2,2:00am-2:59am,30,30,CS-HAWK LN,NA,6,Local Street - Municipality,1,Rural,7,Local,3,Town or Township Highway Agency,0,This section IS NOT on the NHS,0,No Special Jurisdiction,4,4,36.24448333,36.24448333,-91.77746111,-91.77746111,53,Mail Box,0,The First Harmful Event was Not a Collision with a Motor Vehicle in Transport,0,No,1,Non-Junction,1,Not an Intersection,4,On Roadside,0,None,2,Dark - Not Lighted,1,Clear,0,No,0000000,Not Applicable,2,2:00am-2:59am,37,37,2,2:00am-2:59am,56,56,3,3:00am-3:59am,14,14,1
5,Arkansas,50143,0,0,3,3,0,5,5,143,WASHINGTON (143),3670,SPRINGDALE,4,April,30,30,7,Saturday,2022,2,2:00am-2:59am,20,20,US-71B,W HUNTSVILLE AVE,2,US Highway,2,Urban,3,Principal Arterial - Other,1,State Highway Agency,1,This section IS ON the NHS,0,No Special Jurisdiction,66,66,36.18860833,36.18860833,-94.13837778,-94.13837778,12,Motor Vehicle In-Transport,6,Angle,0,No,2,Intersection,2,Four-Way Intersection,1,On Roadway,0,None,3,Dark - Lighted,10,Cloudy,0,No,0000000,Not Applicable,2,2:00am-2:59am,21,21,2,2:00am-2:59am,28,28,99,Unknown,99,Unknown EMS Hospital Arrival Time,1
5,Arkansas,50144,0,0,1,1,0,1,1,119,PULASKI (119),2320,LITTLE ROCK,4,April,10,10,1,Sunday,2022,3,3:00am-3:59am,0,0,I-430,NA,1,Interstate,2,Urban,1,Interstate,1,State Highway Agency,1,This section IS ON the NHS,0,No Special Jurisdiction,39,39,34.79072222,34.79072222,-92.3897,-92.3897,18,Other Object (not fixed),0,The First Harmful Event was Not a Collision with a Motor Vehicle in Transport,0,No,1,Non-Junction,1,Not an Intersection,1,On Roadway,1,Construction,2,Dark - Not Lighted,1,Clear,0,No,0000000,Not Applicable,88,Not Applicable (Not Notified),88,Not Applicable (Not Notified),88,Not Applicable,88,Not Applicable,88,Not Applicable (Not Transported),88,Not Applicable (Not Transported),1
5,Arkansas,50145,0,0,1,1,0,2,2,143,WASHINGTON (143),1310,FAYETTEVILLE,3,March,30,30,4,Wednesday,2022,2,2:00am-2:59am,8,8,CS-STEPHEN CARR MEMORIAL BLVD,NA,6,Local Street - Municipality,2,Urban,7,Local,3,Town or Township Highway Agency,0,This section IS NOT on the NHS,0,No Special Jurisdiction,0,None,36.08790278,36.08790278,-94.19296389,-94.19296389,1,Rollover/Overturn,0,The First Harmful Event was Not a Collision with a Motor Vehicle in Transport,0,No,1,Non-Junction,1,Not an Intersection,4,On Roadside,0,None,2,Dark - Not Lighted,1,Clear,0,No,0000000,Not Applicable,2,2:00am-2:59am,8,8,2,2:00am-2:59am,18,18,99,Unknown,99,Unknown EMS Hospital Arrival Time,2
5,Arkansas,50146,1,1,3,3,0,3,3,59,HOT SPRING (59),0,NOT APPLICABLE,4,April,26,26,3,Tuesday,2022,18,6:00pm-6:59pm,10,10,I-30,NA,1,Interstate,1,Rural,1,Interstate,1,State Highway Agency,1,This section IS ON the NHS,0,No Special Jurisdiction,864,864,34.27791389,34.27791389,-92.96369167,-92.96369167,12,Motor Vehicle In-Transport,1,Front-to-Rear,0,No,1,Non-Junction,1,Not an Intersection,1,On Roadway,0,None,1,Daylight,1,Clear,0,No,0000000,Not Applicable,18,6:00pm-6:59pm,21,21,18,6:00pm-6:59pm,32,32,19,7:00pm-7:59pm,36,36,1
5,Arkansas,50147,0,0,1,1,0,1,1,35,CRITTENDEN (35),0,NOT APPLICABLE,3,March,6,6,1,Sunday,2022,17,5:00pm-5:59pm,0,0,US-64,NA,2,US Highway,1,Rural,4,Minor Arterial,60,Other Federal Agency,0,This section IS NOT on the NHS,0,No Special Jurisdiction,133,133,35.21996389,35.21996389,-90.29479444,-90.29479444,99,Reported as Unknown,99,Reported as Unknown,0,No,1,Non-Junction,1,Not an Intersection,5,Outside Trafficway,0,None,9,Reported as Unknown,99,Reported as Unknown,0,No,0000000,Not Applicable,88,Not Applicable (Not Notified),88,Not Applicable (Not Notified),88,Not Applicable,88,Not Applicable,88,Not Applicable (Not Transported),88,Not Applicable (Not Transported),1
5,Arkansas,50148,0,0,1,1,0,1,1,133,SEVIER (133),0,NOT APPLICABLE,5,May,2,2,2,Monday,2022,19,7:00pm-7:59pm,0,0,SR-41,NA,3,State Highway,1,Rural,4,Minor Arterial,1,State Highway Agency,0,This section IS NOT on the NHS,0,No Special Jurisdiction,68,68,33.95030833,33.95030833,-94.3358,-94.3358,59,Traffic Sign Support,0,The First Harmful Event was Not a Collision with a Motor Vehicle in Transport,0,No,1,Non-Junction,1,Not an Intersection,4,On Roadside,0,None,1,Daylight,1,Clear,0,No,0000000,Not Applicable,19,7:00pm-7:59pm,1,1,19,7:00pm-7:59pm,13,13,99,Unknown,99,Unknown EMS Hospital Arrival Time,1
5,Arkansas,50149,0,0,2,2,0,3,3,63,INDEPENDENCE (63),250,BATESVILLE,5,May,5,5,5,Thursday,2022,17,5:00pm-5:59pm,24,24,US-167,NA,2,US Highway,2,Urban,3,Principal Arterial - Other,1,State Highway Agency,1,This section IS ON the NHS,0,No Special Jurisdiction,11,11,35.78594444,35.78594444,-91.64252778,-91.64252778,12,Motor Vehicle In-Transport,6,Angle,0,No,1,Non-Junction,1,Not an Intersection,1,On Roadway,0,None,1,Daylight,2,Rain,0,No,0000000,Not Applicable,17,5:00pm-5:59pm,16,16,17,5:00pm-5:59pm,31,31,17,5:00pm-5:59pm,56,56,1
5,Arkansas,50150,0,0,2,2,0,2,2,133,SEVIER (133),1060,DE QUEEN,5,May,3,3,3,Tuesday,2022,19,7:00pm-7:59pm,20,20,US-71,NA,2,US Highway,2,Urban,3,Principal Arterial - Other,1,State Highway Agency,1,This section IS ON the NHS,0,No Special Jurisdiction,11,11,34.06036111,34.06036111,-94.32764167,-94.32764167,12,Motor Vehicle In-Transport,6,Angle,0,No,8,Driveway Access Related,1,Not an Intersection,1,On Roadway,0,None,1,Daylight,1,Clear,0,No,0000000,Not Applicable,19,7:00pm-7:59pm,20,20,19,7:00pm-7:59pm,26,26,20,8:00pm-8:59pm,39,39,1
5,Arkansas,50151,0,0,1,1,0,1,1,45,FAULKNER (45),860,CONWAY,4,April,23,23,7,Saturday,2022,3,3:00am-3:59am,0,0,US-65,NA,2,US Highway,2,Urban,3,Principal Arterial - Other,1,State Highway Agency,1,This section IS ON the NHS,0,No Special Jurisdiction,183,183,35.114875,35.114875,-92.41373889,-92.41373889,30,Utility Pole/Light Support,0,The First Harmful Event was Not a Collision with a Motor Vehicle in Transport,0,No,1,Non-Junction,1,Not an Intersection,4,On Roadside,0,None,2,Dark - Not Lighted,1,Clear,0,No,0000000,Not Applicable,3,3:00am-3:59am,6,6,3,3:00am-3:59am,13,13,3,3:00am-3:59am,57,57,1
5,Arkansas,50152,0,0,1,1,0,1,1,59,HOT SPRING (59),0,NOT APPLICABLE,4,April,27,27,4,Wednesday,2022,21,9:00pm-9:59pm,30,30,I-30,NA,1,Interstate,1,Rural,1,Interstate,1,State Highway Agency,1,This section IS ON the NHS,0,No Special Jurisdiction,415,415,34.43384444,34.43384444,-92.78606111,-92.78606111,42,Tree (Standing Only),0,The First Harmful Event was Not a Collision with a Motor Vehicle in Transport,0,No,1,Non-Junction,1,Not an Intersection,4,On Roadside,0,None,2,Dark - Not Lighted,1,Clear,0,No,0000000,Not Applicable,21,9:00pm-9:59pm,40,40,21,9:00pm-9:59pm,56,56,88,Not Applicable (Not Transported),88,Not Applicable (Not Transported),1