STATE,STATENAME,ST_CASE,PEDS,PERNOTMVIT,VE_TOTAL,VE_FORMS,PVH_INVL,PERSONS,PERMVIT,COUNTY,COUNTYNAME,CITY,CITYNAME,MONTH,MONTHNAME,DAY,DAYNAME,DAY_WEEK,DAY_WEEKNAME,YEAR,HOUR,HOURNAME,MINUTE,MINUTENAME,TWAY_ID,TWAY_ID2,ROUTE,ROUTENAME,RUR_URB,RUR_URBNAME,FUNC_SYS,FUNC_SYSNAME,RD_OWNER,RD_OWNERNAME,NHS,NHSNAME,SP_JUR,SP_JURNAME,MILEPT,MILEPTNAME,LATITUDE,LATITUDENAME,LONGITUD,LONGITUDNAME,HARM_EV,HARM_EVNAME,MAN_COLL,MAN_COLLNAME,RELJCT1,RELJCT1NAME,RELJCT2,RELJCT2NAME,TYP_INT,TYP_INTNAME,REL_ROAD,REL_ROADNAME,WRK_ZONE,WRK_ZONENAME,LGT_COND,LGT_CONDNAME,WEATHER,WEATHERNAME,SCH_BUS,SCH_BUSNAME,RAIL,RAILNAME,NOT_HOUR,NOT_HOURNAME,NOT_MIN,NOT_MINNAME,ARR_HOUR,ARR_HOURNAME,ARR_MIN,ARR_MINNAME,HOSP_HR,HOSP_HRNAME,HOSP_MN,HOSP_MNNAME,FATALS
5,Arkansas,50229,0,0,1,1,0,1,1,125,SALINE (125),0,NOT APPLICABLE,6,June,18,18,7,Saturday,2022,22,10:00pm-10:59pm,30,30,SR-229,NA,3,State Highway,2,Urban,4,Minor Arterial,1,State Highway Agency,0,This section IS NOT on the NHS,0,No Special Jurisdiction,19,19,34.56245556,34.56245556,-92.61486944,-92.61486944,52,Guardrail End,0,The First Harmful Event was Not a Collision with a Motor Vehicle in Transport,0,No,1,Non-Junction,1,Not an Intersection,4,On Roadside,0,None,2,Dark - Not Lighted,1,Clear,0,No,0000000,Not Applicable,99,Unknown,98,Unknown if Notified,99,Unknown EMS Scene Arrival Hour,98,Unknown if Arrived,88,Not Applicable (Not Transported),88,Not Applicable (Not Transported),1
5,Arkansas,50230,0,0,2,2,0,2,2,53,GRANT (53),3550,SHERIDAN,5,May,20,20,6,Friday,2022,14,2:00pm-2:59pm,38,38,US-270,NA,2,US Highway,2,Urban,3,Principal Arterial - Other,1,State Highway Agency,1,This section IS ON the NHS,0,No Special Jurisdiction,151,151,34.31191389,34.31191389,-92.41775,-92.41775,12,Motor Vehicle In-Transport,6,Angle,0,No,8,Driveway Access Related,1,Not an Intersection,1,On Roadway,0,None,1,Daylight,1,Clear,0,No,0000000,Not Applicable,14,2:00pm-2:59pm,44,44,14,2:00pm-2:59pm,53,53,15,3:00pm-3:59pm,30,30,1
5,Arkansas,50231,0,0,2,2,0,3,3,127,SCOTT (127),0,NOT APPLICABLE,5,May,26,26,5,Thursday,2022,15,3:00pm-3:59pm,35,35,US-71,NA,2,US Highway,1,Rural,3,Principal Arterial - Other,1,State Highway Agency,1,This section IS ON the NHS,0,No Special Jurisdiction,306,306,35.00148333,35.00148333,-94.118725,-94.118725,12,Motor Vehicle In-Transport,2,Front-to-Front,0,No,1,Non-Junction,1,Not an Intersection,1,On Roadway,0,None,1,Daylight,1,Clear,0,No,0000000,Not Applicable,15,3:00pm-3:59pm,36,36,15,3:00pm-3:59pm,55,55,16,4:00pm-4:59pm,18,18,1
5,Arkansas,50232,0,0,1,1,0,1,1,141,VAN BUREN (141),0,NOT APPLICABLE,5,May,23,23,2,Monday,2022,0,0:00am-0:59am,42,42,SR-330,CR-330,3,State Highway,1,Rural,5,Major Collector,1,State Highway Agency,0,This section IS NOT on the NHS,0,No Special Jurisdiction,1,1,35.52770556,35.52770556,-92.44068333,-92.44068333,32,Culvert,0,The First Harmful Event was Not a Collision with a Motor Vehicle in Transport,0,No,3,Intersection-Related,2,Four-Way Intersection,4,On Roadside,0,None,3,Dark - Lighted,1,Clear,0,No,0000000,Not Applicable,99,Unknown,99,Unknown,99,Unknown EMS Scene Arrival Hour,99,Unknown EMS Scene Arrival Minutes,88,Not Applicable (Not Transported),88,Not Applicable (Not Transported),1
5,Arkansas,50233,1,1,1,1,0,1,1,119,PULASKI (119),2320,LITTLE ROCK,6,June,14,14,3,Tuesday,2022,1,1:00am-1:59am,17,17,CS-AIRPORT RD,NA,6,Local Street - Municipality,2,Urban,4,Minor Arterial,4,City or Municipal Highway Agency,0,This section IS NOT on the NHS,0,No Special Jurisdiction,7,7,34.72188889,34.72188889,-92.222125,-92.222125,8,Pedestrian,0,The First Harmful Event was Not a Collision with a Motor Vehicle in Transport,0,No,1,Non-Junction,1,Not an Intersection,1,On Roadway,0,None,3,Dark - Lighted,1,Clear,0,No,0000000,Not Applicable,1,1:00am-1:59am,53,53,2,2:00am-2:59am,0,0,88,Not Applicable (Not Transported),88,Not Applicable (Not Transported),1
5,Arkansas,50234,1,1,1,1,0,1,1,69,JEFFERSON (69),3150,PINE BLUFF,6,June,27,27,2,Monday,2022,19,7:00pm-7:59pm,32,32,SR-365,NA,3,State Highway,2,Urban,4,Minor Arterial,1,State Highway Agency,0,This section IS NOT on the NHS,0,No Special Jurisdiction,190,190,34.24623889,34.24623889,-92.06511389,-92.06511389,9,Pedalcyclist,0,The First Harmful Event was Not a Collision with a Motor Vehicle in Transport,0,No,1,Non-Junction,1,Not an Intersection,1,On Roadway,0,None,1,Daylight,1,Clear,0,No,0000000,Not Applicable,19,7:00pm-7:59pm,32,32,19,7:00pm-7:59pm,38,38,99,Unknown,99,Unknown EMS Hospital Arrival Time,1
5,Arkansas,50235,0,0,2,2,0,3,3,119,PULASKI (119),2320,LITTLE ROCK,6,June,17,17,6,Friday,2022,21,9:00pm-9:59pm,12,12,CS-S RODNEY PARHAM RD,NA,6,Local Street - Municipality,2,Urban,4,Minor Arterial,3,Town or Township Highway Agency,0,This section IS NOT on the NHS,0,No Special Jurisdiction,0,None,34.74188333,34.74188333,-92.35647222,-92.35647222,12,Motor Vehicle In-Transport,7,Sideswipe - Same Direction,0,No,1,Non-Junction,1,Not an Intersection,1,On Roadway,0,None,2,Dark - Not Lighted,1,Clear,0,No,0000000,Not Applicable,21,9:00pm-9:59pm,14,14,21,9:00pm-9:59pm,25,25,99,Unknown,99,Unknown EMS Hospital Arrival Time,2
5,Arkansas,50236,1,1,1,1,0,1,1,27,COLUMBIA (27),2490,MAGNOLIA,6,June,24,24,6,Friday,2022,23,11:00pm-11:59pm,40,40,US-82,NA,2,US Highway,2,Urban,3,Principal Arterial - Other,1,State Highway Agency,1,This section IS ON the NHS,0,No Special Jurisdiction,4,4,33.29033889,33.29033889,-93.21381111,-93.21381111,8,Pedestrian,0,The First Harmful Event was Not a Collision with a Motor Vehicle in Transport,0,No,1,Non-Junction,1,Not an Intersection,1,On Roadway,0,None,2,Dark - Not Lighted,1,Clear,0,No,0000000,Not Applicable,23,11:00pm-11:59pm,43,43,23,11:00pm-11:59pm,47,47,88,Not Applicable (Not Transported),88,Not Applicable (Not Transported),1
5,Arkansas,50237,0,0,1,1,0,2,2,111,POINSETT (111),0,NOT APPLICABLE,6,June,24,24,6,Friday,2022,8,8:00am-8:59am,48,48,SR-1,NA,3,State Highway,1,Rural,3,Principal Arterial - Other,1,State Highway Agency,1,This section IS ON the NHS,0,No Special Jurisdiction,70,70,35.66281944,35.66281944,-90.70643889,-90.70643889,1,Rollover/Overturn,0,The First Harmful Event was Not a Collision with a Motor Vehicle in Transport,0,No,1,Non-Junction,1,Not an Intersection,5,Outside Trafficway,0,None,1,Daylight,1,Clear,0,No,0000000,Not Applicable,8,8:00am-8:59am,55,55,9,9:00am-9:59am,13,13,9,9:00am-9:59am,31,31,1
5,Arkansas,50238,0,0,1,1,0,1,1,119,PULASKI (119),0,NOT APPLICABLE,6,June,24,24,6,Friday,2022,21,9:00pm-9:59pm,20,20,I-40,NA,1,Interstate,2,Urban,1,Interstate,1,State Highway Agency,1,This section IS ON the NHS,0,No Special Jurisdiction,1389,1389,34.84896111,34.84896111,-92.34975,-92.34975,34,Ditch,0,The First Harmful Event was Not a Collision with a Motor Vehicle in Transport,0,No,1,Non-Junction,1,Not an Intersection,3,On Median,0,None,2,Dark - Not Lighted,1,Clear,0,No,0000000,Not Applicable,88,Not Applicable (Not Notified),88,Not Applicable (Not Notified),88,Not Applicable,88,Not Applicable,88,Not Applicable (Not Transported),88,Not Applicable (Not Transported),1
5,Arkansas,50239,0,0,1,1,0,1,1,141,VAN BUREN (141),0,NOT APPLICABLE,6,June,3,3,6,Friday,2022,17,5:00pm-5:59pm,53,53,SR-9,NA,3,State Highway,1,Rural,4,Minor Arterial,1,State Highway Agency,0,This section IS NOT on the NHS,0,No Special Jurisdiction,3,3,35.46045278,35.46045278,-92.51142778,-92.51142778,32,Culvert,0,The First Harmful Event was Not a Collision with a Motor Vehicle in Transport,0,No,1,Non-Junction,1,Not an Intersection,4,On Roadside,0,None,1,Daylight,1,Clear,0,No,0000000,Not Applicable,17,5:00pm-5:59pm,53,53,18,6:00pm-6:59pm,6,6,99,Unknown,99,Unknown EMS Hospital Arrival Time,1
5,Arkansas,50240,0,0,2,2,0,3,3,7,BENTON (7),3610,SILOAM SPRINGS,6,June,6,6,2,Monday,2022,13,1:00pm-1:59pm,12,12,US-412,NA,2,US Highway,2,Urban,3,Principal Arterial - Other,1,State Highway Agency,1,This section IS ON the NHS,0,No Special Jurisdiction,36,36,36.18099722,36.18099722,-94.50793056,-94.50793056,12,Motor Vehicle In-Transport,6,Angle,0,No,8,Driveway Access Related,1,Not an Intersection,1,On Roadway,0,None,1,Daylight,1,Clear,0,No,0000000,Not Applicable,13,1:00pm-1:59pm,14,14,13,1:00pm-1:59pm,18,18,99,Unknown,99,Unknown EMS Hospital Arrival Time,1
5,Arkansas,50241,1,1,1,1,0,1,1,93,MISSISSIPPI (93),2970,OSCEOLA,6,June,12,12,1,Sunday,2022,14,2:00pm-2:59pm,7,7,CS-EVERGREEN,NA,6,Local Street - Municipality,2,Urban,7,Local,4,City or Municipal Highway Agency,0,This section IS NOT on the NHS,0,No Special Jurisdiction,0,None,35.93301667,35.93301667,-89.88488333,-89.88488333,8,Pedestrian,0,The First Harmful Event was Not a Collision with a Motor Vehicle in Transport,0,No,8,Driveway Access Related,1,Not an Intersection,1,On Roadway,0,None,1,Daylight,1,Clear,0,No,0000000,Not Applicable,88,Not Applicable (Not Notified),88,Not Applicable (Not Notified),88,Not Applicable,88,Not Applicable,88,Not Applicable (Not Transported),88,Not Applicable (Not Transported),1
5,Arkansas,50242,0,0,1,1,0,1,1,143,WASHINGTON (143),3250,PRAIRIE GROVE,6,June,7,7,3,Tuesday,2022,15,3:00pm-3:59pm,50,50,US-62B,NA,2,US Highway,2,Urban,4,Minor Arterial,1,State Highway Agency,0,This section IS NOT on the NHS,0,No Special Jurisdiction,4,4,35.96758889,35.96758889,-94.34211389,-94.34211389,53,Mail Box,0,The First Harmful Event was Not a Collision with a Motor Vehicle in Transport,0,No,1,Non-Junction,1,Not an Intersection,4,On Roadside,0,None,1,Daylight,1,Clear,0,No,0000000,Not Applicable,16,4:00pm-4:59pm,3,3,16,4:00pm-4:59pm,5,5,88,Not Applicable (Not Transported),88,Not Applicable (Not Transported),1
5,Arkansas,50243,0,0,3,3,0,4,4,35,CRITTENDEN (35),0,NOT APPLICABLE,7,July,1,1,6,Friday,2022,13,1:00pm-1:59pm,43,43,I-55,NA,1,Interstate,1,Rural,1,Interstate,1,State Highway Agency,1,This section IS ON the NHS,0,No Special Jurisdiction,702,702,35.14188333,35.14188333,-90.10959722,-90.10959722,12,Motor Vehicle In-Transport,1,Front-to-Rear,0,No,1,Non-Junction,1,Not an Intersection,1,On Roadway,0,None,1,Daylight,1,Clear,0,No,0000000,Not Applicable,13,1:00pm-1:59pm,50,50,14,2:00pm-2:59pm,22,22,15,3:00pm-3:59pm,1,1,1
5,Arkansas,50244,0,0,1,1,0,1,1,119,PULASKI (119),2320,LITTLE ROCK,6,June,28,28,3,Tuesday,2022,9,9:00am-9:59am,50,50,I-30,NA,1,Interstate,2,Urban,1,Interstate,1,State Highway Agency,1,This section IS ON the NHS,0,No Special Jurisdiction,1321,1321,34.67896111,34.67896111,-92.35475,-92.35475,25,Concrete Traffic Barrier,0,The First Harmful Event was Not a Collision with a Motor Vehicle in Transport,0,No,1,Non-Junction,1,Not an Intersection,4,On Roadside,0,None,1,Daylight,1,Clear,0,No,0000000,Not Applicable,9,9:00am-9:59am,51,51,9,9:00am-9:59am,55,55,88,Not Applicable (Not Transported),88,Not Applicable (Not Transported),1
5,Arkansas,50245,0,0,2,2,0,5,5,45,FAULKNER (45),860,CONWAY,7,July,4,4,2,Monday,2022,12,12:00pm-12:59pm,37,37,CS-HOGAN LN,NA,6,Local Street - Municipality,2,Urban,4,Minor Arterial,4,City or Municipal Highway Agency,0,This section IS NOT on the NHS,0,No Special Jurisdiction,17,17,35.10138889,35.10138889,-92.49754722,-92.49754722,12,Motor Vehicle In-Transport,1,Front-to-Rear,0,No,8,Driveway Access Related,1,Not an Intersection,1,On Roadway,0,None,1,Daylight,1,Clear,0,No,0000000,Not Applicable,12,12:00pm-12:59pm,39,39,12,12:00pm-12:59pm,51,51,88,Not Applicable (Not Transported),88,Not Applicable (Not Transported),1
5,Arkansas,50246,0,0,2,2,0,2,2,119,PULASKI (119),2320,LITTLE ROCK,7,July,7,7,5,Thursday,2022,16,4:00pm-4:59pm,0,0,US-70,1ST TEE WAY,2,US Highway,2,Urban,3,Principal Arterial - Other,1,State Highway Agency,1,This section IS ON the NHS,0,No Special Jurisdiction,0,None,34.71075,34.71075,-92.34353333,-92.34353333,12,Motor Vehicle In-Transport,6,Angle,0,No,2,Intersection,2,Four-Way Intersection,1,On Roadway,0,None,1,Daylight,1,Clear,0,No,0000000,Not Applicable,16,4:00pm-4:59pm,0,0,16,4:00pm-4:59pm,0,0,88,Not Applicable (Not Transported),88,Not Applicable (Not Transported),1
5,Arkansas,50247,0,0,1,1,0,1,1,119,PULASKI (119),0,NOT APPLICABLE,6,June,29,29,4,Wednesday,2022,6,6:00am-6:59am,41,41,I-440,NA,1,Interstate,2,Urban,1,Interstate,1,State Highway Agency,1,This section IS ON the NHS,0,No Special Jurisdiction,27,27,34.71674722,34.71674722,-92.234875,-92.234875,25,Concrete Traffic Barrier,0,The First Harmful Event was Not a Collision with a Motor Vehicle in Transport,0,No,1,Non-Junction,1,Not an Intersection,4,On Roadside,0,None,1,Daylight,1,Clear,0,No,0000000,Not Applicable,6,6:00am-6:59am,45,45,6,6:00am-6:59am,52,52,99,Unknown,99,Unknown EMS Hospital Arrival Time,1
5,Arkansas,50248,0,0,2,2,0,3,3,9,BOONE (9),0,NOT APPLICABLE,7,July,4,4,2,Monday,2022,17,5:00pm-5:59pm,45,45,US-62,SANDFLAT RD,2,US Highway,1,Rural,3,Principal Arterial - Other,1,State Highway Agency,1,This section IS ON the NHS,0,No Special Jurisdiction,34,34,36.29318056,36.29318056,-93.26662778,-93.26662778,12,Motor Vehicle In-Transport,6,Angle,0,No,2,Intersection,2,Four-Way Intersection,1,On Roadway,0,None,1,Daylight,1,Clear,0,No,0000000,Not Applicable,17,5:00pm-5:59pm,52,52,18,6:00pm-6:59pm,4,4,19,7:00pm-7:59pm,0,0,1
5,Arkansas,50249,0,0,2,2,0,3,3,29,CONWAY (29),0,NOT APPLICABLE,5,May,17,17,3,Tuesday,2022,10,10:00am-10:59am,35,35,SR-9,LUDY RD,3,State Highway,1,Rural,4,Minor Arterial,1,State Highway Agency,0,This section IS NOT on the NHS,0,No Special Jurisdiction,271,271,35.42944167,35.42944167,-92.54096944,-92.54096944,12,Motor Vehicle In-Transport,2,Front-to-Front,0,No,2,Intersection,3,T-Intersection,1,On Roadway,0,None,1,Daylight,1,Clear,0,No,0000000,Not Applicable,10,10:00am-10:59am,40,40,11,11:00am-11:59am,3,3,12,12:00pm-12:59pm,18,18,1
5,Arkansas,50250,1,1,1,1,0,1,1,93,MISSISSIPPI (93),0,NOT APPLICABLE,5,May,18,18,4,Wednesday,2022,21,9:00pm-9:59pm,30,30,SR-18,NA,3,State Highway,1,Rural,3,Principal Arterial - Other,1,State Highway Agency,1,This section IS ON the NHS,0,No Special Jurisdiction,49,49,35.87788889,35.87788889,-90.17735833,-90.17735833,8,Pedestrian,0,The First Harmful Event was Not a Collision with a Motor Vehicle in Transport,0,No,1,Non-Junction,1,Not an Intersection,1,On Roadway,0,None,2,Dark - Not Lighted,1,Clear,0,No,0000000,Not Applicable,21,9:00pm-9:59pm,30,30,21,9:00pm-9:59pm,41,41,88,Not Applicable (Not Transported),88,Not Applicable (Not Transported),1
5,Arkansas,50251,0,0,2,2,0,2,2,127,SCOTT (127),0,NOT APPLICABLE,6,June,15,15,4,Wednesday,2022,14,2:00pm-2:59pm,34,34,US-71,NA,2,US Highway,1,Rural,3,Principal Arterial - Other,1,State Highway Agency,1,This section IS ON the NHS,0,No Special Jurisdiction,213,213,34.88532222,34.88532222,-94.10683611,-94.10683611,12,Motor Vehicle In-Transport,8,Sideswipe - Opposite Direction,0,No,1,Non-Junction,1,Not an Intersection,1,On Roadway,0,None,1,Daylight,1,Clear,0,No,0000000,Not Applicable,14,2:00pm-2:59pm,34,34,14,2:00pm-2:59pm,35,35,14,2:00pm-2:59pm,52,52,1
5,Arkansas,50252,0,0,2,2,0,3,3,13,CALHOUN (13),0,NOT APPLICABLE,7,July,1,1,6,Friday,2022,23,11:00pm-11:59pm,40,40,US-167,NA,2,US Highway,1,Rural,3,Principal Arterial - Other,1,State Highway Agency,1,This section IS ON the NHS,0,No Special Jurisdiction,76,76,33.44348611,33.44348611,-92.47583611,-92.47583611,12,Motor Vehicle In-Transport,6,Angle,0,No,1,Non-Junction,1,Not an Intersection,1,On Roadway,0,None,2,Dark - Not Lighted,1,Clear,0,No,0000000,Not Applicable,23,11:00pm-11:59pm,46,46,23,11:00pm-11:59pm,54,54,0,0:00am-0:59am,35,35,1
5,Arkansas,50253,1,1,1,1,0,1,1,119,PULASKI (119),2036,JACKSONVILLE,7,July,5,5,3,Tuesday,2022,22,10:00pm-10:59pm,10,10,US-67,NA,2,US Highway,2,Urban,2,Principal Arterial - Other Freeways and Expressways,1,State Highway Agency,1,This section IS ON the NHS,0,No Special Jurisdiction,65,65,34.86426667,34.86426667,-92.12909722,-92.12909722,8,Pedestrian,0,The First Harmful Event was Not a Collision with a Motor Vehicle in Transport,0,No,1,Non-Junction,1,Not an Intersection,1,On Roadway,0,None,2,Dark - Not Lighted,1,Clear,0,No,0000000,Not Applicable,22,10:00pm-10:59pm,18,18,22,10:00pm-10:59pm,25,25,88,Not Applicable (Not Transported),88,Not Applicable (Not Transported),1
5,Arkansas,50254,0,0,1,1,0,1,1,119,PULASKI (119),0,NOT APPLICABLE,7,July,7,7,5,Thursday,2022,21,9:00pm-9:59pm,15,15,SR-67,NA,3,State Highway,2,Urban,2,Principal Arterial - Other Freeways and Expressways,1,State Highway Agency,1,This section IS ON the NHS,0,No Special Jurisdiction,0,None,34.84681389,34.84681389,-92.14959444,-92.14959444,42,Tree (Standing Only),0,The First Harmful Event was Not a Collision with a Motor Vehicle in Transport,0,No,1,Non-Junction,1,Not an Intersection,4,On Roadside,0,None,2,Dark - Not Lighted,1,Clear,0,No,0000000,Not Applicable,88,Not Applicable (Not Notified),88,Not Applicable (Not Notified),88,Not Applicable,88,Not Applicable,88,Not Applicable (Not Transported),88,Not Applicable (Not Transported),1
5,Arkansas,50255,0,0,2,2,0,2,2,93,MISSISSIPPI (93),0,NOT APPLICABLE,7,July,6,6,4,Wednesday,2022,15,3:00pm-3:59pm,33,33,I-55,NA,1,Interstate,1,Rural,1,Interstate,1,State Highway Agency,1,This section IS ON the NHS,0,No Special Jurisdiction,563,563,35.79841667,35.79841667,-89.98176389,-89.98176389,12,Motor Vehicle In-Transport,1,Front-to-Rear,0,No,1,Non-Junction,1,Not an Intersection,1,On Roadway,4,"Work Zone, Type Unknown",1,Daylight,1,Clear,0,No,0000000,Not Applicable,15,3:00pm-3:59pm,38,38,15,3:00pm-3:59pm,51,51,88,Not Applicable (Not Transported),88,Not Applicable (Not Transported),1
5,Arkansas,50256,0,0,2,2,0,3,3,35,CRITTENDEN (35),3890,TURRELL,7,July,5,5,3,Tuesday,2022,22,10:00pm-10:59pm,23,23,I-55,NA,1,Interstate,1,Rural,1,Interstate,1,State Highway Agency,1,This section IS ON the NHS,0,No Special Jurisdiction,247,247,35.40133611,35.40133611,-90.255175,-90.255175,12,Motor Vehicle In-Transport,1,Front-to-Rear,0,No,1,Non-Junction,1,Not an Intersection,1,On Roadway,0,None,2,Dark - Not Lighted,1,Clear,0,No,0000000,Not Applicable,99,Unknown,99,Unknown,99,Unknown EMS Scene Arrival Hour,99,Unknown EMS Scene Arrival Minutes,88,Not Applicable (Not Transported),88,Not Applicable (Not Transported),1
5,Arkansas,50257,0,0,3,3,0,4,4,93,MISSISSIPPI (93),0,NOT APPLICABLE,6,June,30,30,5,Thursday,2022,19,7:00pm-7:59pm,48,48,I-55,NA,1,Interstate,1,Rural,1,Interstate,1,State Highway Agency,1,This section IS ON the NHS,0,No Special Jurisdiction,443,443,35.43881667,35.43881667,-90.22311944,-90.22311944,57,Cable Barrier,0,The First Harmful Event was Not a Collision with a Motor Vehicle in Transport,0,No,1,Non-Junction,1,Not an Intersection,3,On Median,0,None,1,Daylight,1,Clear,0,No,0000000,Not Applicable,19,7:00pm-7:59pm,54,54,20,8:00pm-8:59pm,23,23,20,8:00pm-8:59pm,59,59,1
5,Arkansas,50258,0,0,3,3,0,3,3,31,CRAIGHEAD (31),2070,JONESBORO,7,July,6,6,4,Wednesday,2022,11,11:00am-11:59am,53,53,US-49,OLD BRIDGER RD,2,US Highway,2,Urban,3,Principal Arterial - Other,1,State Highway Agency,1,This section IS ON the NHS,0,No Special Jurisdiction,84,84,35.86416389,35.86416389,-90.62442778,-90.62442778,12,Motor Vehicle In-Transport,6,Angle,0,No,2,Intersection,3,T-Intersection,1,On Roadway,0,None,1,Daylight,1,Clear,0,No,0000000,Not Applicable,12,12:00pm-12:59pm,1,1,12,12:00pm-12:59pm,13,13,12,12:00pm-12:59pm,29,29,2
5,Arkansas,50259,0,0,1,1,0,2,2,65,IZARD (65),0,NOT APPLICABLE,6,June,29,29,4,Wednesday,2022,18,6:00pm-6:59pm,12,12,CR-WIDEMAN RD,NA,9,Unknown,1,Rural,6,Minor Collector,2,County Highway Agency,0,This section IS NOT on the NHS,0,No Special Jurisdiction,0,None,36.16249167,36.16249167,-92.03675278,-92.03675278,1,Rollover/Overturn,0,The First Harmful Event was Not a Collision with a Motor Vehicle in Transport,0,No,1,Non-Junction,1,Not an Intersection,1,On Roadway,0,None,1,Daylight,1,Clear,0,No,0000000,Not Applicable,19,7:00pm-7:59pm,7,7,19,7:00pm-7:59pm,22,22,19,7:00pm-7:59pm,53,53,1
5,Arkansas,50260,0,0,2,2,0,2,2,55,GREENE (55),3030,PARAGOULD,7,July,7,7,5,Thursday,2022,8,8:00am-8:59am,59,59,SR-412,NA,3,State Highway,2,Urban,3,Principal Arterial - Other,1,State Highway Agency,1,This section IS ON the NHS,0,No Special Jurisdiction,17,17,36.02248611,36.02248611,-90.55585278,-90.55585278,12,Motor Vehicle In-Transport,8,Sideswipe - Opposite Direction,0,No,1,Non-Junction,1,Not an Intersection,1,On Roadway,0,None,1,Daylight,1,Clear,0,No,0000000,Not Applicable,8,8:00am-8:59am,59,59,9,9:00am-9:59am,5,5,9,9:00am-9:59am,27,27,1
5,Arkansas,50261,0,0,2,2,0,2,2,3,ASHLEY (3),0,NOT APPLICABLE,7,July,9,9,7,Saturday,2022,15,3:00pm-3:59pm,50,50,US-82,CR-301,2,US Highway,1,Rural,3,Principal Arterial - Other,1,State Highway Agency,1,This section IS ON the NHS,0,No Special Jurisdiction,64,64,33.27225278,33.27225278,-91.69990278,-91.69990278,12,Motor Vehicle In-Transport,6,Angle,0,No,2,Intersection,3,T-Intersection,1,On Roadway,0,None,1,Daylight,1,Clear,0,No,0000000,Not Applicable,15,3:00pm-3:59pm,56,56,16,4:00pm-4:59pm,2,2,16,4:00pm-4:59pm,45,45,1
5,Arkansas,50262,0,0,1,1,0,1,1,101,NEWTON (101),0,NOT APPLICABLE,7,July,9,9,7,Saturday,2022,13,1:00pm-1:59pm,24,24,SR-74,NA,3,State Highway,1,Rural,5,Major Collector,1,State Highway Agency,0,This section IS NOT on the NHS,0,No Special Jurisdiction,14,14,36.02986389,36.02986389,-93.34216667,-93.34216667,1,Rollover/Overturn,0,The First Harmful Event was Not a Collision with a Motor Vehicle in Transport,0,No,1,Non-Junction,1,Not an Intersection,1,On Roadway,0,None,1,Daylight,10,Cloudy,0,No,0000000,Not Applicable,13,1:00pm-1:59pm,24,24,14,2:00pm-2:59pm,7,7,88,Not Applicable (Not Transported),88,Not Applicable (Not Transported),1
5,Arkansas,50263,0,0,1,1,0,2,2,19,CLARK (19),0,NOT APPLICABLE,7,July,12,12,3,Tuesday,2022,8,8:00am-8:59am,15,15,I-30,NA,1,Interstate,1,Rural,1,Interstate,1,State Highway Agency,1,This section IS ON the NHS,0,No Special Jurisdiction,798,798,34.20649167,34.20649167,-93.04166944,-93.04166944,51,Jackknife (harmful to this vehicle),0,The First Harmful Event was Not a Collision with a Motor Vehicle in Transport,0,No,1,Non-Junction,1,Not an Intersection,1,On Roadway,0,None,1,Daylight,1,Clear,0,No,0000000,Not Applicable,8,8:00am-8:59am,15,15,8,8:00am-8:59am,30,30,9,9:00am-9:59am,2,2,1
5,Arkansas,50264,0,0,1,1,0,1,1,119,PULASKI (119),2880,NORTH LITTLE ROCK,6,June,30,30,5,Thursday,2022,5,5:00am-5:59am,10,10,I-440,NA,1,Interstate,2,Urban,1,Interstate,1,State Highway Agency,1,This section IS ON the NHS,0,No Special Jurisdiction,100,100,34.77555556,34.77555556,-92.16160556,-92.16160556,20,Impact Attenuator/Crash Cushion,0,The First Harmful Event was Not a Collision with a Motor Vehicle in Transport,0,No,5,Entrance/Exit Ramp Related,1,Not an Intersection,8,Gore,0,None,2,Dark - Not Lighted,1,Clear,0,No,0000000,Not Applicable,5,5:00am-5:59am,15,15,5,5:00am-5:59am,24,24,88,Not Applicable (Not Transported),88,Not Applicable (Not Transported),1
5,Arkansas,50265,0,0,2,2,0,2,2,91,MILLER (91),0,NOT APPLICABLE,7,July,7,7,5,Thursday,2022,23,11:00pm-11:59pm,10,10,SR-196,NA,3,State Highway,1,Rural,98,Not Reported,1,State Highway Agency,0,This section IS NOT on the NHS,0,No Special Jurisdiction,64,64,33.38875556,33.38875556,-93.93056111,-93.93056111,12,Motor Vehicle In-Transport,6,Angle,0,No,1,Non-Junction,1,Not an Intersection,1,On Roadway,0,None,2,Dark - Not Lighted,1,Clear,0,No,0000000,Not Applicable,23,11:00pm-11:59pm,16,16,23,11:00pm-11:59pm,19,19,99,Unknown,99,Unknown EMS Hospital Arrival Time,1