STATE,STATENAME,ST_CASE,PEDS,PERNOTMVIT,VE_TOTAL,VE_FORMS,PVH_INVL,PERSONS,PERMVIT,COUNTY,COUNTYNAME,CITY,CITYNAME,MONTH,MONTHNAME,DAY,DAYNAME,DAY_WEEK,DAY_WEEKNAME,YEAR,HOUR,HOURNAME,MINUTE,MINUTENAME,TWAY_ID,TWAY_ID2,ROUTE,ROUTENAME,RUR_URB,RUR_URBNAME,FUNC_SYS,FUNC_SYSNAME,RD_OWNER,RD_OWNERNAME,NHS,NHSNAME,SP_JUR,SP_JURNAME,MILEPT,MILEPTNAME,LATITUDE,LATITUDENAME,LONGITUD,LONGITUDNAME,HARM_EV,HARM_EVNAME,MAN_COLL,MAN_COLLNAME,RELJCT1,RELJCT1NAME,RELJCT2,RELJCT2NAME,TYP_INT,TYP_INTNAME,REL_ROAD,REL_ROADNAME,WRK_ZONE,WRK_ZONENAME,LGT_COND,LGT_CONDNAME,WEATHER,WEATHERNAME,SCH_BUS,SCH_BUSNAME,RAIL,RAILNAME,NOT_HOUR,NOT_HOURNAME,NOT_MIN,NOT_MINNAME,ARR_HOUR,ARR_HOURNAME,ARR_MIN,ARR_MINNAME,HOSP_HR,HOSP_HRNAME,HOSP_MN,HOSP_MNNAME,FATALS
5,Arkansas,50266,1,1,1,1,0,1,1,119,PULASKI (119),2320,LITTLE ROCK,7,July,14,14,5,Thursday,2022,1,1:00am-1:59am,47,47,CS-W 12TH ST,NA,6,Local Street - Municipality,2,Urban,4,Minor Arterial,3,Town or Township Highway Agency,0,This section IS NOT on the NHS,0,No Special Jurisdiction,21,21,34.74094722,34.74094722,-92.32943333,-92.32943333,8,Pedestrian,0,The First Harmful Event was Not a Collision with a Motor Vehicle in Transport,0,No,1,Non-Junction,1,Not an Intersection,1,On Roadway,0,None,2,Dark - Not Lighted,1,Clear,0,No,0000000,Not Applicable,99,Unknown,98,Unknown if Notified,99,Unknown EMS Scene Arrival Hour,98,Unknown if Arrived,88,Not Applicable (Not Transported),88,Not Applicable (Not Transported),1
5,Arkansas,50267,0,0,2,1,1,1,1,59,HOT SPRING (59),0,NOT APPLICABLE,7,July,17,17,1,Sunday,2022,3,3:00am-3:59am,30,30,I-30,NA,1,Interstate,1,Rural,1,Interstate,1,State Highway Agency,1,This section IS ON the NHS,0,No Special Jurisdiction,1026,1026,34.44436389,34.44436389,-92.77155833,-92.77155833,14,Parked Motor Vehicle,0,The First Harmful Event was Not a Collision with a Motor Vehicle in Transport,0,No,1,Non-Junction,1,Not an Intersection,2,On Shoulder,0,None,2,Dark - Not Lighted,1,Clear,0,No,0000000,Not Applicable,3,3:00am-3:59am,53,53,4,4:00am-4:59am,4,4,88,Not Applicable (Not Transported),88,Not Applicable (Not Transported),1
5,Arkansas,50268,0,0,1,1,0,1,1,101,NEWTON (101),0,NOT APPLICABLE,7,July,14,14,5,Thursday,2022,13,1:00pm-1:59pm,30,30,SR-43,NA,3,State Highway,1,Rural,5,Major Collector,1,State Highway Agency,0,This section IS NOT on the NHS,0,No Special Jurisdiction,122,122,36.09248333,36.09248333,-93.31312778,-93.31312778,24,Guardrail Face,0,The First Harmful Event was Not a Collision with a Motor Vehicle in Transport,0,No,1,Non-Junction,1,Not an Intersection,4,On Roadside,0,None,1,Daylight,10,Cloudy,0,No,0000000,Not Applicable,13,1:00pm-1:59pm,35,35,14,2:00pm-2:59pm,4,4,88,Not Applicable (Not Transported),88,Not Applicable (Not Transported),1
5,Arkansas,50269,0,0,2,2,0,3,3,83,LOGAN (83),0,NOT APPLICABLE,6,June,21,21,3,Tuesday,2022,18,6:00pm-6:59pm,35,35,SR-10,PHILLIPS RD,3,State Highway,1,Rural,4,Minor Arterial,1,State Highway Agency,0,This section IS NOT on the NHS,0,No Special Jurisdiction,7,7,35.16824167,35.16824167,-94.02004722,-94.02004722,12,Motor Vehicle In-Transport,7,Sideswipe - Same Direction,0,No,2,Intersection,3,T-Intersection,1,On Roadway,0,None,1,Daylight,1,Clear,0,No,0000000,Not Applicable,18,6:00pm-6:59pm,38,38,18,6:00pm-6:59pm,50,50,20,8:00pm-8:59pm,26,26,1
5,Arkansas,50270,0,0,1,1,0,1,1,57,HEMPSTEAD (57),0,NOT APPLICABLE,7,July,19,19,3,Tuesday,2022,22,10:00pm-10:59pm,0,0,US-67,NA,2,US Highway,1,Rural,5,Major Collector,1,State Highway Agency,0,This section IS NOT on the NHS,0,No Special Jurisdiction,35,35,33.61811667,33.61811667,-93.75481944,-93.75481944,24,Guardrail Face,0,The First Harmful Event was Not a Collision with a Motor Vehicle in Transport,0,No,1,Non-Junction,1,Not an Intersection,4,On Roadside,0,None,2,Dark - Not Lighted,1,Clear,0,No,0000000,Not Applicable,99,Unknown,99,Unknown,99,Unknown EMS Scene Arrival Hour,99,Unknown EMS Scene Arrival Minutes,88,Not Applicable (Not Transported),88,Not Applicable (Not Transported),1
5,Arkansas,50271,0,0,1,1,0,2,2,99,NEVADA (99),0,NOT APPLICABLE,7,July,19,19,3,Tuesday,2022,6,6:00am-6:59am,0,0,I-30,NA,1,Interstate,1,Rural,1,Interstate,1,State Highway Agency,1,This section IS ON the NHS,0,No Special Jurisdiction,421,421,33.79263333,33.79263333,-93.44744167,-93.44744167,42,Tree (Standing Only),0,The First Harmful Event was Not a Collision with a Motor Vehicle in Transport,0,No,1,Non-Junction,1,Not an Intersection,4,On Roadside,0,None,3,Dark - Lighted,1,Clear,0,No,0000000,Not Applicable,99,Unknown,99,Unknown,99,Unknown EMS Scene Arrival Hour,99,Unknown EMS Scene Arrival Minutes,99,Unknown,99,Unknown EMS Hospital Arrival Time,1
5,Arkansas,50272,0,0,1,1,0,1,1,19,CLARK (19),0,NOT APPLICABLE,7,July,18,18,2,Monday,2022,17,5:00pm-5:59pm,30,30,CR-KANSAS RD,NA,4,County Road,1,Rural,5,Major Collector,2,County Highway Agency,0,This section IS NOT on the NHS,0,No Special Jurisdiction,18,18,33.89423611,33.89423611,-93.12633611,-93.12633611,42,Tree (Standing Only),0,The First Harmful Event was Not a Collision with a Motor Vehicle in Transport,0,No,1,Non-Junction,1,Not an Intersection,4,On Roadside,0,None,1,Daylight,1,Clear,0,No,0000000,Not Applicable,17,5:00pm-5:59pm,30,30,17,5:00pm-5:59pm,46,46,88,Not Applicable (Not Transported),88,Not Applicable (Not Transported),1
5,Arkansas,50273,0,0,2,2,0,8,8,131,SEBASTIAN (131),1370,FORT SMITH,7,July,5,5,3,Tuesday,2022,12,12:00pm-12:59pm,51,51,CS-JENNYLIND RD,S R ST,6,Local Street - Municipality,2,Urban,4,Minor Arterial,4,City or Municipal Highway Agency,0,This section IS NOT on the NHS,0,No Special Jurisdiction,5,5,35.36560556,35.36560556,-94.41280278,-94.41280278,12,Motor Vehicle In-Transport,6,Angle,0,No,2,Intersection,2,Four-Way Intersection,1,On Roadway,0,None,1,Daylight,1,Clear,0,No,0000000,Not Applicable,12,12:00pm-12:59pm,59,59,13,1:00pm-1:59pm,20,20,99,Unknown,99,Unknown EMS Hospital Arrival Time,1
5,Arkansas,50274,0,0,1,1,0,3,3,149,YELL (149),0,NOT APPLICABLE,7,July,14,14,5,Thursday,2022,19,7:00pm-7:59pm,41,41,CR-ARD RD,NA,4,County Road,1,Rural,6,Minor Collector,2,County Highway Agency,0,This section IS NOT on the NHS,0,No Special Jurisdiction,18,18,35.14488056,35.14488056,-93.19478056,-93.19478056,32,Culvert,0,The First Harmful Event was Not a Collision with a Motor Vehicle in Transport,0,No,1,Non-Junction,1,Not an Intersection,4,On Roadside,0,None,1,Daylight,1,Clear,0,No,0000000,Not Applicable,19,7:00pm-7:59pm,42,42,20,8:00pm-8:59pm,1,1,20,8:00pm-8:59pm,30,30,2
5,Arkansas,50275,0,0,1,1,0,1,1,15,CARROLL (15),0,NOT APPLICABLE,7,July,24,24,1,Sunday,2022,20,8:00pm-8:59pm,20,20,SR-23,NA,3,State Highway,1,Rural,4,Minor Arterial,1,State Highway Agency,0,This section IS NOT on the NHS,0,No Special Jurisdiction,15,15,36.32092778,36.32092778,-93.7673,-93.7673,1,Rollover/Overturn,0,The First Harmful Event was Not a Collision with a Motor Vehicle in Transport,0,No,1,Non-Junction,1,Not an Intersection,4,On Roadside,0,None,5,Dusk,1,Clear,0,No,0000000,Not Applicable,20,8:00pm-8:59pm,20,20,20,8:00pm-8:59pm,25,25,88,Not Applicable (Not Transported),88,Not Applicable (Not Transported),1
5,Arkansas,50276,0,0,2,2,0,3,3,51,GARLAND (51),0,NOT APPLICABLE,7,July,27,27,4,Wednesday,2022,16,4:00pm-4:59pm,17,17,US-270,CS-INDUSTRIAL PARK RD,2,US Highway,1,Rural,3,Principal Arterial - Other,1,State Highway Agency,1,This section IS ON the NHS,0,No Special Jurisdiction,78,78,34.46313611,34.46313611,-92.93181944,-92.93181944,12,Motor Vehicle In-Transport,6,Angle,0,No,3,Intersection-Related,3,T-Intersection,1,On Roadway,0,None,1,Daylight,2,Rain,0,No,0000000,Not Applicable,16,4:00pm-4:59pm,18,18,16,4:00pm-4:59pm,31,31,16,4:00pm-4:59pm,57,57,1
5,Arkansas,50277,1,1,1,1,0,2,2,119,PULASKI (119),2320,LITTLE ROCK,7,July,30,30,7,Saturday,2022,0,0:00am-0:59am,15,15,I 30 FR,NA,7,Local Street - Frontage Road,2,Urban,1,Interstate,1,State Highway Agency,1,This section IS ON the NHS,0,No Special Jurisdiction,12,12,34.67419167,34.67419167,-92.37026667,-92.37026667,8,Pedestrian,0,The First Harmful Event was Not a Collision with a Motor Vehicle in Transport,0,No,1,Non-Junction,1,Not an Intersection,1,On Roadway,0,None,2,Dark - Not Lighted,1,Clear,0,No,0000000,Not Applicable,0,0:00am-0:59am,26,26,0,0:00am-0:59am,26,26,99,Unknown,99,Unknown EMS Hospital Arrival Time,1
5,Arkansas,50278,0,0,1,1,0,1,1,139,UNION (139),0,NOT APPLICABLE,7,July,28,28,5,Thursday,2022,5,5:00am-5:59am,50,50,CS-OLIN AVE,NA,6,Local Street - Municipality,2,Urban,7,Local,3,Town or Township Highway Agency,0,This section IS NOT on the NHS,0,No Special Jurisdiction,16,16,33.05515556,33.05515556,-92.17531667,-92.17531667,34,Ditch,0,The First Harmful Event was Not a Collision with a Motor Vehicle in Transport,0,No,1,Non-Junction,1,Not an Intersection,4,On Roadside,0,None,4,Dawn,1,Clear,0,No,0000000,Not Applicable,5,5:00am-5:59am,58,58,6,6:00am-6:59am,8,8,88,Not Applicable (Not Transported),88,Not Applicable (Not Transported),1
5,Arkansas,50279,0,0,1,1,0,1,1,143,WASHINGTON (143),0,NOT APPLICABLE,7,July,26,26,3,Tuesday,2022,15,3:00pm-3:59pm,4,4,US-412,NA,2,US Highway,1,Rural,3,Principal Arterial - Other,1,State Highway Agency,1,This section IS ON the NHS,0,No Special Jurisdiction,224,224,36.17706111,36.17706111,-93.95582222,-93.95582222,1,Rollover/Overturn,0,The First Harmful Event was Not a Collision with a Motor Vehicle in Transport,0,No,1,Non-Junction,1,Not an Intersection,3,On Median,0,None,1,Daylight,1,Clear,0,No,0000000,Not Applicable,15,3:00pm-3:59pm,4,4,15,3:00pm-3:59pm,17,17,88,Not Applicable (Not Transported),88,Not Applicable (Not Transported),1
5,Arkansas,50280,0,0,1,1,0,1,1,17,CHICOT (17),0,NOT APPLICABLE,7,July,28,28,5,Thursday,2022,14,2:00pm-2:59pm,55,55,SR-159,NA,3,State Highway,1,Rural,4,Minor Arterial,1,State Highway Agency,0,This section IS NOT on the NHS,0,No Special Jurisdiction,12,12,33.02047222,33.02047222,-91.30535278,-91.30535278,1,Rollover/Overturn,0,The First Harmful Event was Not a Collision with a Motor Vehicle in Transport,0,No,1,Non-Junction,1,Not an Intersection,4,On Roadside,0,None,1,Daylight,10,Cloudy,0,No,0000000,Not Applicable,14,2:00pm-2:59pm,58,58,15,3:00pm-3:59pm,21,21,88,Not Applicable (Not Transported),88,Not Applicable (Not Transported),1
5,Arkansas,50281,0,0,1,1,0,1,1,93,MISSISSIPPI (93),0,NOT APPLICABLE,7,July,26,26,3,Tuesday,2022,5,5:00am-5:59am,20,20,SR-140,NA,3,State Highway,1,Rural,4,Minor Arterial,1,State Highway Agency,0,This section IS NOT on the NHS,0,No Special Jurisdiction,26,26,35.68894444,35.68894444,-90.25701389,-90.25701389,1,Rollover/Overturn,0,The First Harmful Event was Not a Collision with a Motor Vehicle in Transport,0,No,1,Non-Junction,1,Not an Intersection,4,On Roadside,0,None,4,Dawn,1,Clear,0,No,0000000,Not Applicable,5,5:00am-5:59am,53,53,6,6:00am-6:59am,11,11,99,Unknown,99,Unknown EMS Hospital Arrival Time,1
5,Arkansas,50282,0,0,2,2,0,2,2,31,CRAIGHEAD (31),2070,JONESBORO,7,July,31,31,1,Sunday,2022,22,10:00pm-10:59pm,22,22,SR-18,NA,3,State Highway,2,Urban,3,Principal Arterial - Other,1,State Highway Agency,1,This section IS ON the NHS,0,No Special Jurisdiction,93,93,35.82202222,35.82202222,-90.55961111,-90.55961111,12,Motor Vehicle In-Transport,6,Angle,0,No,1,Non-Junction,1,Not an Intersection,1,On Roadway,0,None,2,Dark - Not Lighted,10,Cloudy,0,No,0000000,Not Applicable,22,10:00pm-10:59pm,28,28,22,10:00pm-10:59pm,35,35,88,Not Applicable (Not Transported),88,Not Applicable (Not Transported),1
5,Arkansas,50283,0,0,1,1,0,1,1,143,WASHINGTON (143),1310,FAYETTEVILLE,7,July,4,4,2,Monday,2022,13,1:00pm-1:59pm,47,47,CS-CLIFFS,NA,6,Local Street - Municipality,2,Urban,5,Major Collector,4,City or Municipal Highway Agency,0,This section IS NOT on the NHS,0,No Special Jurisdiction,0,None,36.06465556,36.06465556,-94.13536389,-94.13536389,1,Rollover/Overturn,0,The First Harmful Event was Not a Collision with a Motor Vehicle in Transport,0,No,1,Non-Junction,1,Not an Intersection,1,On Roadway,0,None,1,Daylight,1,Clear,0,No,0000000,Not Applicable,13,1:00pm-1:59pm,48,48,13,1:00pm-1:59pm,52,52,14,2:00pm-2:59pm,17,17,1
5,Arkansas,50284,1,1,1,1,0,1,1,119,PULASKI (119),2320,LITTLE ROCK,7,July,1,1,6,Friday,2022,0,0:00am-0:59am,45,45,I 30 FR,NA,7,Local Street - Frontage Road,2,Urban,1,Interstate,1,State Highway Agency,1,This section IS ON the NHS,0,No Special Jurisdiction,25,25,34.65800556,34.65800556,-92.40659722,-92.40659722,8,Pedestrian,0,The First Harmful Event was Not a Collision with a Motor Vehicle in Transport,0,No,1,Non-Junction,1,Not an Intersection,1,On Roadway,0,None,2,Dark - Not Lighted,1,Clear,0,No,0000000,Not Applicable,0,0:00am-0:59am,57,57,1,1:00am-1:59am,15,15,1,1:00am-1:59am,40,40,1
5,Arkansas,50285,1,1,1,1,0,1,1,51,GARLAND (51),1907,HOT SPRINGS,8,August,2,2,3,Tuesday,2022,13,1:00pm-1:59pm,9,9,SR-7,NA,3,State Highway,2,Urban,3,Principal Arterial - Other,1,State Highway Agency,0,This section IS NOT on the NHS,0,No Special Jurisdiction,89,89,34.48423333,34.48423333,-93.05966667,-93.05966667,8,Pedestrian,0,The First Harmful Event was Not a Collision with a Motor Vehicle in Transport,0,No,8,Driveway Access Related,1,Not an Intersection,4,On Roadside,0,None,1,Daylight,10,Cloudy,0,No,0000000,Not Applicable,13,1:00pm-1:59pm,9,9,13,1:00pm-1:59pm,14,14,88,Not Applicable (Not Transported),88,Not Applicable (Not Transported),1
5,Arkansas,50286,0,0,3,3,0,3,3,119,PULASKI (119),0,NOT APPLICABLE,7,July,30,30,7,Saturday,2022,2,2:00am-2:59am,23,23,US-67,NA,2,US Highway,1,Rural,2,Principal Arterial - Other Freeways and Expressways,1,State Highway Agency,1,This section IS ON the NHS,0,No Special Jurisdiction,65,65,34.84140278,34.84140278,-92.157475,-92.157475,1,Rollover/Overturn,0,The First Harmful Event was Not a Collision with a Motor Vehicle in Transport,0,No,1,Non-Junction,1,Not an Intersection,1,On Roadway,0,None,2,Dark - Not Lighted,1,Clear,0,No,0000000,Not Applicable,2,2:00am-2:59am,41,41,2,2:00am-2:59am,45,45,88,Not Applicable (Not Transported),88,Not Applicable (Not Transported),1
5,Arkansas,50287,0,0,1,1,0,1,1,119,PULASKI (119),2880,NORTH LITTLE ROCK,7,July,31,31,1,Sunday,2022,2,2:00am-2:59am,33,33,I-30 RAMP,NA,1,Interstate,2,Urban,1,Interstate,1,State Highway Agency,1,This section IS ON the NHS,0,No Special Jurisdiction,4,4,34.77720556,34.77720556,-92.25881389,-92.25881389,25,Concrete Traffic Barrier,0,The First Harmful Event was Not a Collision with a Motor Vehicle in Transport,1,Yes,19,Other location within Interchange Area,1,Not an Intersection,4,On Roadside,4,"Work Zone, Type Unknown",2,Dark - Not Lighted,2,Rain,0,No,0000000,Not Applicable,2,2:00am-2:59am,35,35,2,2:00am-2:59am,43,43,88,Not Applicable (Not Transported),88,Not Applicable (Not Transported),1
5,Arkansas,50288,0,0,1,1,0,1,1,145,WHITE (145),0,NOT APPLICABLE,7,July,23,23,7,Saturday,2022,21,9:00pm-9:59pm,12,12,SR-36,NA,3,State Highway,1,Rural,5,Major Collector,1,State Highway Agency,0,This section IS NOT on the NHS,0,No Special Jurisdiction,94,94,35.27930833,35.27930833,-91.93745278,-91.93745278,59,Traffic Sign Support,0,The First Harmful Event was Not a Collision with a Motor Vehicle in Transport,0,No,1,Non-Junction,1,Not an Intersection,4,On Roadside,0,None,2,Dark - Not Lighted,1,Clear,0,No,0000000,Not Applicable,21,9:00pm-9:59pm,19,19,21,9:00pm-9:59pm,33,33,88,Not Applicable (Not Transported),88,Not Applicable (Not Transported),1
5,Arkansas,50289,1,1,2,2,0,2,2,119,PULASKI (119),2320,LITTLE ROCK,8,August,1,1,2,Monday,2022,22,10:00pm-10:59pm,32,32,FINANCIAL CENTER,EMBASSY SUITES  DR,6,Local Street - Municipality,2,Urban,98,Not Reported,4,City or Municipal Highway Agency,0,This section IS NOT on the NHS,0,No Special Jurisdiction,1,1,34.74683611,34.74683611,-92.40066389,-92.40066389,8,Pedestrian,0,The First Harmful Event was Not a Collision with a Motor Vehicle in Transport,1,Yes,3,Intersection-Related,2,Four-Way Intersection,1,On Roadway,0,None,3,Dark - Lighted,1,Clear,0,No,0000000,Not Applicable,22,10:00pm-10:59pm,34,34,22,10:00pm-10:59pm,39,39,88,Not Applicable (Not Transported),88,Not Applicable (Not Transported),1
5,Arkansas,50290,0,0,1,1,0,1,1,119,PULASKI (119),2320,LITTLE ROCK,8,August,5,5,6,Friday,2022,1,1:00am-1:59am,52,52,US-70,ASHER AVE,2,US Highway,2,Urban,3,Principal Arterial - Other,4,City or Municipal Highway Agency,1,This section IS ON the NHS,0,No Special Jurisdiction,33,33,34.71770556,34.71770556,-92.34219167,-92.34219167,46,Traffic Signal Support,0,The First Harmful Event was Not a Collision with a Motor Vehicle in Transport,1,Yes,3,Intersection-Related,2,Four-Way Intersection,4,On Roadside,0,None,3,Dark - Lighted,1,Clear,0,No,0000000,Not Applicable,1,1:00am-1:59am,52,52,1,1:00am-1:59am,52,52,88,Not Applicable (Not Transported),88,Not Applicable (Not Transported),1
5,Arkansas,50291,0,0,1,1,0,2,2,85,LONOKE (85),2350,LONOKE,8,August,5,5,6,Friday,2022,12,12:00pm-12:59pm,25,25,SR-5,NA,3,State Highway,1,Rural,3,Principal Arterial - Other,1,State Highway Agency,0,This section IS NOT on the NHS,0,No Special Jurisdiction,74,74,35.04418611,35.04418611,-92.08383056,-92.08383056,42,Tree (Standing Only),0,The First Harmful Event was Not a Collision with a Motor Vehicle in Transport,0,No,1,Non-Junction,1,Not an Intersection,4,On Roadside,0,None,1,Daylight,1,Clear,0,No,0000000,Not Applicable,12,12:00pm-12:59pm,28,28,12,12:00pm-12:59pm,43,43,99,Unknown,99,Unknown EMS Hospital Arrival Time,1
5,Arkansas,50292,0,0,1,1,0,1,1,49,FULTON (49),0,NOT APPLICABLE,7,July,27,27,4,Wednesday,2022,23,11:00pm-11:59pm,30,30,SR-289,NA,3,State Highway,1,Rural,5,Major Collector,1,State Highway Agency,0,This section IS NOT on the NHS,0,No Special Jurisdiction,40,40,36.31365278,36.31365278,-91.64140556,-91.64140556,35,Embankment,0,The First Harmful Event was Not a Collision with a Motor Vehicle in Transport,0,No,1,Non-Junction,1,Not an Intersection,4,On Roadside,4,"Work Zone, Type Unknown",2,Dark - Not Lighted,2,Rain,0,No,0000000,Not Applicable,99,Unknown,99,Unknown,99,Unknown EMS Scene Arrival Hour,99,Unknown EMS Scene Arrival Minutes,88,Not Applicable (Not Transported),88,Not Applicable (Not Transported),1
5,Arkansas,50293,0,0,1,1,0,1,1,25,CLEVELAND (25),3380,RISON,7,July,29,29,6,Friday,2022,2,2:00am-2:59am,52,52,CS-MAIN ST,NA,6,Local Street - Municipality,2,Urban,6,Minor Collector,3,Town or Township Highway Agency,0,This section IS NOT on the NHS,0,No Special Jurisdiction,0,None,33.96113333,33.96113333,-92.19220278,-92.19220278,10,Railway Vehicle,0,The First Harmful Event was Not a Collision with a Motor Vehicle in Transport,0,No,6,Railway Grade Crossing,1,Not an Intersection,1,On Roadway,0,None,3,Dark - Lighted,1,Clear,0,No,790781M,790781M,2,2:00am-2:59am,53,53,3,3:00am-3:59am,5,5,88,Not Applicable (Not Transported),88,Not Applicable (Not Transported),1
5,Arkansas,50294,0,0,1,1,0,1,1,31,CRAIGHEAD (31),0,NOT APPLICABLE,8,August,2,2,3,Tuesday,2022,20,8:00pm-8:59pm,42,42,US-67,NA,2,US Highway,1,Rural,3,Principal Arterial - Other,1,State Highway Agency,1,This section IS ON the NHS,0,No Special Jurisdiction,35,35,35.82999722,35.82999722,-91.01896389,-91.01896389,34,Ditch,0,The First Harmful Event was Not a Collision with a Motor Vehicle in Transport,0,No,1,Non-Junction,1,Not an Intersection,4,On Roadside,0,None,2,Dark - Not Lighted,1,Clear,0,No,0000000,Not Applicable,88,Not Applicable (Not Notified),88,Not Applicable (Not Notified),88,Not Applicable,88,Not Applicable,88,Not Applicable (Not Transported),88,Not Applicable (Not Transported),1
5,Arkansas,50295,0,0,1,1,0,1,1,143,WASHINGTON (143),1534,GOSHEN,6,June,14,14,3,Tuesday,2022,19,7:00pm-7:59pm,10,10,SR-45,NA,3,State Highway,1,Rural,4,Minor Arterial,1,State Highway Agency,0,This section IS NOT on the NHS,0,No Special Jurisdiction,94,94,36.10695833,36.10695833,-94.01588611,-94.01588611,32,Culvert,0,The First Harmful Event was Not a Collision with a Motor Vehicle in Transport,0,No,1,Non-Junction,1,Not an Intersection,4,On Roadside,0,None,1,Daylight,1,Clear,0,No,0000000,Not Applicable,19,7:00pm-7:59pm,13,13,19,7:00pm-7:59pm,18,18,88,Not Applicable (Not Transported),88,Not Applicable (Not Transported),1
5,Arkansas,50296,0,0,2,2,0,4,4,67,JACKSON (67),0,NOT APPLICABLE,7,July,28,28,5,Thursday,2022,8,8:00am-8:59am,59,59,SR-367,14,3,State Highway,1,Rural,5,Major Collector,1,State Highway Agency,0,This section IS NOT on the NHS,0,No Special Jurisdiction,61,61,35.61384722,35.61384722,-91.30380833,-91.30380833,12,Motor Vehicle In-Transport,6,Angle,0,No,2,Intersection,2,Four-Way Intersection,1,On Roadway,0,None,1,Daylight,10,Cloudy,0,No,0000000,Not Applicable,9,9:00am-9:59am,1,1,9,9:00am-9:59am,11,11,9,9:00am-9:59am,34,34,1
5,Arkansas,50297,0,0,2,2,0,2,2,13,CALHOUN (13),0,NOT APPLICABLE,7,July,30,30,7,Saturday,2022,13,1:00pm-1:59pm,56,56,US-278,NA,2,US Highway,1,Rural,4,Minor Arterial,1,State Highway Agency,0,This section IS NOT on the NHS,0,No Special Jurisdiction,50,50,33.55933889,33.55933889,-92.63551944,-92.63551944,12,Motor Vehicle In-Transport,6,Angle,0,No,1,Non-Junction,1,Not an Intersection,1,On Roadway,0,None,1,Daylight,2,Rain,0,No,0000000,Not Applicable,13,1:00pm-1:59pm,56,56,14,2:00pm-2:59pm,6,6,99,Unknown,99,Unknown EMS Hospital Arrival Time,1
5,Arkansas,50298,1,1,1,1,0,1,1,119,PULASKI (119),2320,LITTLE ROCK,8,August,2,2,3,Tuesday,2022,20,8:00pm-8:59pm,44,44,CS-GEYER SPRINGS RD,NA,6,Local Street - Municipality,2,Urban,7,Local,4,City or Municipal Highway Agency,0,This section IS NOT on the NHS,0,No Special Jurisdiction,0,None,34.69501944,34.69501944,-92.34305833,-92.34305833,8,Pedestrian,0,The First Harmful Event was Not a Collision with a Motor Vehicle in Transport,0,No,1,Non-Junction,1,Not an Intersection,1,On Roadway,0,None,2,Dark - Not Lighted,1,Clear,0,No,0000000,Not Applicable,20,8:00pm-8:59pm,46,46,20,8:00pm-8:59pm,53,53,88,Not Applicable (Not Transported),88,Not Applicable (Not Transported),1
5,Arkansas,50299,0,0,1,1,0,1,1,125,SALINE (125),0,NOT APPLICABLE,6,June,28,28,3,Tuesday,2022,18,6:00pm-6:59pm,28,28,CS-LIZZY RD,NA,6,Local Street - Municipality,1,Rural,7,Local,2,County Highway Agency,0,This section IS NOT on the NHS,0,No Special Jurisdiction,0,None,34.56011389,34.56011389,-92.24464722,-92.24464722,42,Tree (Standing Only),0,The First Harmful Event was Not a Collision with a Motor Vehicle in Transport,0,No,1,Non-Junction,1,Not an Intersection,4,On Roadside,0,None,1,Daylight,1,Clear,0,No,0000000,Not Applicable,99,Unknown,99,Unknown,99,Unknown EMS Scene Arrival Hour,99,Unknown EMS Scene Arrival Minutes,99,Unknown,99,Unknown EMS Hospital Arrival Time,1
5,Arkansas,50300,0,0,3,2,1,3,3,119,PULASKI (119),2320,LITTLE ROCK,8,August,6,6,7,Saturday,2022,18,6:00pm-6:59pm,9,9,SR-10,N PALM ST,3,State Highway,2,Urban,3,Principal Arterial - Other,1,State Highway Agency,1,This section IS ON the NHS,0,No Special Jurisdiction,120,120,34.76786667,34.76786667,-92.32543889,-92.32543889,12,Motor Vehicle In-Transport,6,Angle,0,No,2,Intersection,2,Four-Way Intersection,1,On Roadway,0,None,1,Daylight,1,Clear,0,No,0000000,Not Applicable,18,6:00pm-6:59pm,11,11,18,6:00pm-6:59pm,19,19,18,6:00pm-6:59pm,38,38,1