STATE,STATENAME,ST_CASE,PEDS,PERNOTMVIT,VE_TOTAL,VE_FORMS,PVH_INVL,PERSONS,PERMVIT,COUNTY,COUNTYNAME,CITY,CITYNAME,MONTH,MONTHNAME,DAY,DAYNAME,DAY_WEEK,DAY_WEEKNAME,YEAR,HOUR,HOURNAME,MINUTE,MINUTENAME,TWAY_ID,TWAY_ID2,ROUTE,ROUTENAME,RUR_URB,RUR_URBNAME,FUNC_SYS,FUNC_SYSNAME,RD_OWNER,RD_OWNERNAME,NHS,NHSNAME,SP_JUR,SP_JURNAME,MILEPT,MILEPTNAME,LATITUDE,LATITUDENAME,LONGITUD,LONGITUDNAME,HARM_EV,HARM_EVNAME,MAN_COLL,MAN_COLLNAME,RELJCT1,RELJCT1NAME,RELJCT2,RELJCT2NAME,TYP_INT,TYP_INTNAME,REL_ROAD,REL_ROADNAME,WRK_ZONE,WRK_ZONENAME,LGT_COND,LGT_CONDNAME,WEATHER,WEATHERNAME,SCH_BUS,SCH_BUSNAME,RAIL,RAILNAME,NOT_HOUR,NOT_HOURNAME,NOT_MIN,NOT_MINNAME,ARR_HOUR,ARR_HOURNAME,ARR_MIN,ARR_MINNAME,HOSP_HR,HOSP_HRNAME,HOSP_MN,HOSP_MNNAME,FATALS
5,Arkansas,50412,1,1,1,1,0,5,5,7,BENTON (7),340,BENTONVILLE,10,October,1,1,7,Saturday,2022,21,9:00pm-9:59pm,55,55,I-49,NA,1,Interstate,2,Urban,1,Interstate,1,State Highway Agency,1,This section IS ON the NHS,0,No Special Jurisdiction,206,206,36.33763611,36.33763611,-94.18286667,-94.18286667,8,Pedestrian,0,The First Harmful Event was Not a Collision with a Motor Vehicle in Transport,0,No,1,Non-Junction,1,Not an Intersection,1,On Roadway,0,None,2,Dark - Not Lighted,1,Clear,0,No,0000000,Not Applicable,21,9:00pm-9:59pm,56,56,22,10:00pm-10:59pm,4,4,99,Unknown,99,Unknown EMS Hospital Arrival Time,1
5,Arkansas,50413,0,0,1,1,0,1,1,115,POPE (115),1130,DOVER,10,October,9,9,1,Sunday,2022,4,4:00am-4:59am,43,43,SR-164,NA,3,State Highway,1,Rural,5,Major Collector,1,State Highway Agency,0,This section IS NOT on the NHS,0,No Special Jurisdiction,5,5,35.399025,35.399025,-93.10783333,-93.10783333,53,Mail Box,0,The First Harmful Event was Not a Collision with a Motor Vehicle in Transport,0,No,1,Non-Junction,1,Not an Intersection,4,On Roadside,0,None,3,Dark - Lighted,1,Clear,0,No,0000000,Not Applicable,4,4:00am-4:59am,46,46,5,5:00am-5:59am,2,2,88,Not Applicable (Not Transported),88,Not Applicable (Not Transported),1
5,Arkansas,50414,0,0,2,2,0,2,2,127,SCOTT (127),0,NOT APPLICABLE,9,September,30,30,6,Friday,2022,17,5:00pm-5:59pm,5,5,US-71,NA,2,US Highway,1,Rural,3,Principal Arterial - Other,1,State Highway Agency,1,This section IS ON the NHS,0,No Special Jurisdiction,147,147,34.81501389,34.81501389,-94.03919722,-94.03919722,12,Motor Vehicle In-Transport,6,Angle,0,No,8,Driveway Access Related,1,Not an Intersection,1,On Roadway,0,None,1,Daylight,1,Clear,0,No,0000000,Not Applicable,17,5:00pm-5:59pm,6,6,17,5:00pm-5:59pm,20,20,99,Unknown,99,Unknown EMS Hospital Arrival Time,1
5,Arkansas,50415,0,0,2,2,0,2,2,101,NEWTON (101),0,NOT APPLICABLE,10,October,2,2,1,Sunday,2022,15,3:00pm-3:59pm,10,10,SR-7,NA,3,State Highway,1,Rural,4,Minor Arterial,1,State Highway Agency,0,This section IS NOT on the NHS,0,No Special Jurisdiction,192,192,36.05158333,36.05158333,-93.14749722,-93.14749722,12,Motor Vehicle In-Transport,8,Sideswipe - Opposite Direction,0,No,1,Non-Junction,1,Not an Intersection,1,On Roadway,0,None,1,Daylight,1,Clear,0,No,0000000,Not Applicable,15,3:00pm-3:59pm,14,14,15,3:00pm-3:59pm,26,26,99,Unknown,99,Unknown EMS Hospital Arrival Time,1
5,Arkansas,50416,0,0,2,2,0,2,2,97,MONTGOMERY (97),2760,MOUNT IDA,10,October,7,7,6,Friday,2022,14,2:00pm-2:59pm,30,30,US-270,NA,2,US Highway,1,Rural,3,Principal Arterial - Other,1,State Highway Agency,1,This section IS ON the NHS,0,No Special Jurisdiction,13,13,34.54556944,34.54556944,-93.61776389,-93.61776389,12,Motor Vehicle In-Transport,1,Front-to-Rear,0,No,1,Non-Junction,1,Not an Intersection,1,On Roadway,0,None,1,Daylight,1,Clear,0,No,0000000,Not Applicable,14,2:00pm-2:59pm,36,36,14,2:00pm-2:59pm,37,37,99,Unknown,99,Unknown EMS Hospital Arrival Time,1
5,Arkansas,50417,2,2,3,3,0,3,3,119,PULASKI (119),2880,NORTH LITTLE ROCK,8,August,13,13,7,Saturday,2022,2,2:00am-2:59am,48,48,I-430,NA,1,Interstate,2,Urban,1,Interstate,1,State Highway Agency,1,This section IS ON the NHS,0,No Special Jurisdiction,112,112,34.80322778,34.80322778,-92.36991944,-92.36991944,18,Other Object (not fixed),0,The First Harmful Event was Not a Collision with a Motor Vehicle in Transport,0,No,1,Non-Junction,1,Not an Intersection,1,On Roadway,0,None,3,Dark - Lighted,1,Clear,0,No,0000000,Not Applicable,2,2:00am-2:59am,51,51,2,2:00am-2:59am,59,59,88,Not Applicable (Not Transported),88,Not Applicable (Not Transported),3
5,Arkansas,50418,0,0,4,4,0,11,11,51,GARLAND (51),0,NOT APPLICABLE,9,September,10,10,7,Saturday,2022,14,2:00pm-2:59pm,22,22,US-70,NA,2,US Highway,2,Urban,3,Principal Arterial - Other,1,State Highway Agency,1,This section IS ON the NHS,0,No Special Jurisdiction,50,50,34.51128611,34.51128611,-92.93644444,-92.93644444,12,Motor Vehicle In-Transport,6,Angle,0,No,1,Non-Junction,1,Not an Intersection,1,On Roadway,0,None,1,Daylight,2,Rain,0,No,0000000,Not Applicable,14,2:00pm-2:59pm,26,26,14,2:00pm-2:59pm,35,35,99,Unknown,99,Unknown EMS Hospital Arrival Time,4
5,Arkansas,50419,0,0,3,3,0,5,5,7,BENTON (7),0,NOT APPLICABLE,10,October,2,2,1,Sunday,2022,0,0:00am-0:59am,35,35,I-49,NA,1,Interstate,1,Rural,1,Interstate,1,State Highway Agency,1,This section IS ON the NHS,0,No Special Jurisdiction,958,958,36.41623333,36.41623333,-94.29530833,-94.29530833,12,Motor Vehicle In-Transport,1,Front-to-Rear,0,No,1,Non-Junction,1,Not an Intersection,1,On Roadway,0,None,2,Dark - Not Lighted,1,Clear,0,No,0000000,Not Applicable,99,Unknown,98,Unknown if Notified,99,Unknown EMS Scene Arrival Hour,98,Unknown if Arrived,88,Not Applicable (Not Transported),88,Not Applicable (Not Transported),1
5,Arkansas,50420,0,0,1,1,0,1,1,143,WASHINGTON (143),0,NOT APPLICABLE,10,October,3,3,2,Monday,2022,15,3:00pm-3:59pm,55,55,SR-74,NA,3,State Highway,1,Rural,5,Major Collector,1,State Highway Agency,0,This section IS NOT on the NHS,0,No Special Jurisdiction,10,10,35.77539722,35.77539722,-94.24527222,-94.24527222,1,Rollover/Overturn,0,The First Harmful Event was Not a Collision with a Motor Vehicle in Transport,0,No,1,Non-Junction,1,Not an Intersection,1,On Roadway,0,None,1,Daylight,1,Clear,0,No,0000000,Not Applicable,15,3:00pm-3:59pm,59,59,16,4:00pm-4:59pm,28,28,88,Not Applicable (Not Transported),88,Not Applicable (Not Transported),1
5,Arkansas,50421,0,0,2,2,0,2,2,67,JACKSON (67),0,NOT APPLICABLE,8,August,13,13,7,Saturday,2022,22,10:00pm-10:59pm,55,55,US-67,NA,2,US Highway,1,Rural,2,Principal Arterial - Other Freeways and Expressways,1,State Highway Agency,1,This section IS ON the NHS,0,No Special Jurisdiction,73,73,35.49585,35.49585,-91.32145,-91.32145,12,Motor Vehicle In-Transport,1,Front-to-Rear,0,No,1,Non-Junction,1,Not an Intersection,1,On Roadway,0,None,2,Dark - Not Lighted,1,Clear,0,No,0000000,Not Applicable,22,10:00pm-10:59pm,59,59,23,11:00pm-11:59pm,15,15,99,Unknown,99,Unknown EMS Hospital Arrival Time,1
5,Arkansas,50422,0,0,2,2,0,4,4,7,BENTON (7),1570,GRAVETTE,10,October,6,6,5,Thursday,2022,8,8:00am-8:59am,46,46,SR-72,NA,3,State Highway,1,Rural,5,Major Collector,1,State Highway Agency,0,This section IS NOT on the NHS,0,No Special Jurisdiction,13,13,36.41685,36.41685,-94.43237222,-94.43237222,12,Motor Vehicle In-Transport,2,Front-to-Front,0,No,1,Non-Junction,1,Not an Intersection,1,On Roadway,0,None,1,Daylight,1,Clear,0,No,0000000,Not Applicable,8,8:00am-8:59am,46,46,8,8:00am-8:59am,53,53,99,Unknown,99,Unknown EMS Hospital Arrival Time,1
5,Arkansas,50423,0,0,2,2,0,2,2,85,LONOKE (85),0,NOT APPLICABLE,9,September,16,16,6,Friday,2022,17,5:00pm-5:59pm,20,20,SR-15,BEVIS RD,3,State Highway,1,Rural,5,Major Collector,1,State Highway Agency,0,This section IS NOT on the NHS,0,No Special Jurisdiction,79,79,34.72050556,34.72050556,-92.00734722,-92.00734722,12,Motor Vehicle In-Transport,6,Angle,0,No,2,Intersection,2,Four-Way Intersection,1,On Roadway,0,None,1,Daylight,1,Clear,0,No,0000000,Not Applicable,17,5:00pm-5:59pm,28,28,17,5:00pm-5:59pm,48,48,18,6:00pm-6:59pm,45,45,1
5,Arkansas,50424,0,0,1,1,0,1,1,33,CRAWFORD (33),0,NOT APPLICABLE,10,October,4,4,3,Tuesday,2022,21,9:00pm-9:59pm,50,50,US-64,NA,2,US Highway,2,Urban,3,Principal Arterial - Other,1,State Highway Agency,1,This section IS ON the NHS,0,No Special Jurisdiction,0,None,35.45562222,35.45562222,-94.29732778,-94.29732778,34,Ditch,0,The First Harmful Event was Not a Collision with a Motor Vehicle in Transport,0,No,7,Crossover-Related,1,Not an Intersection,3,On Median,0,None,2,Dark - Not Lighted,1,Clear,0,No,0000000,Not Applicable,21,9:00pm-9:59pm,53,53,21,9:00pm-9:59pm,57,57,88,Not Applicable (Not Transported),88,Not Applicable (Not Transported),1
5,Arkansas,50425,0,0,2,2,0,4,4,125,SALINE (125),0,NOT APPLICABLE,10,October,2,2,1,Sunday,2022,9,9:00am-9:59am,0,0,CR-CHICOT RD,NA,4,County Road,2,Urban,4,Minor Arterial,2,County Highway Agency,0,This section IS NOT on the NHS,0,No Special Jurisdiction,23,23,34.59402222,34.59402222,-92.36703889,-92.36703889,12,Motor Vehicle In-Transport,2,Front-to-Front,0,No,1,Non-Junction,1,Not an Intersection,1,On Roadway,0,None,1,Daylight,1,Clear,0,No,0000000,Not Applicable,9,9:00am-9:59am,2,2,9,9:00am-9:59am,16,16,88,Not Applicable (Not Transported),88,Not Applicable (Not Transported),1
5,Arkansas,50426,1,1,1,1,0,2,2,107,PHILLIPS (107),1830,HELENA-WEST HELENA,10,October,8,8,7,Saturday,2022,21,9:00pm-9:59pm,48,48,US-49,NA,2,US Highway,2,Urban,4,Minor Arterial,1,State Highway Agency,0,This section IS NOT on the NHS,0,No Special Jurisdiction,1,1,34.52918889,34.52918889,-90.5915,-90.5915,8,Pedestrian,0,The First Harmful Event was Not a Collision with a Motor Vehicle in Transport,0,No,8,Driveway Access Related,1,Not an Intersection,1,On Roadway,0,None,7,Other,1,Clear,0,No,0000000,Not Applicable,21,9:00pm-9:59pm,51,51,22,10:00pm-10:59pm,11,11,88,Not Applicable (Not Transported),88,Not Applicable (Not Transported),1
5,Arkansas,50427,1,1,1,1,0,1,1,143,WASHINGTON (143),1310,FAYETTEVILLE,10,October,11,11,3,Tuesday,2022,4,4:00am-4:59am,34,34,I-49,NA,1,Interstate,2,Urban,1,Interstate,1,State Highway Agency,1,This section IS ON the NHS,0,No Special Jurisdiction,1,1,36.08745833,36.08745833,-94.19474722,-94.19474722,8,Pedestrian,0,The First Harmful Event was Not a Collision with a Motor Vehicle in Transport,1,Yes,20,Entrance/Exit Ramp,1,Not an Intersection,1,On Roadway,4,"Work Zone, Type Unknown",2,Dark - Not Lighted,10,Cloudy,0,No,0000000,Not Applicable,4,4:00am-4:59am,35,35,4,4:00am-4:59am,43,43,88,Not Applicable (Not Transported),88,Not Applicable (Not Transported),1
5,Arkansas,50428,0,0,2,2,0,2,2,33,CRAWFORD (33),0,NOT APPLICABLE,10,October,7,7,6,Friday,2022,15,3:00pm-3:59pm,44,44,SR-59,NA,3,State Highway,1,Rural,4,Minor Arterial,1,State Highway Agency,0,This section IS NOT on the NHS,0,No Special Jurisdiction,227,227,35.49826944,35.49826944,-94.35536111,-94.35536111,12,Motor Vehicle In-Transport,2,Front-to-Front,0,No,1,Non-Junction,1,Not an Intersection,1,On Roadway,0,None,1,Daylight,1,Clear,0,No,0000000,Not Applicable,15,3:00pm-3:59pm,44,44,15,3:00pm-3:59pm,57,57,99,Unknown,99,Unknown EMS Hospital Arrival Time,1
5,Arkansas,50429,0,0,2,2,0,3,3,91,MILLER (91),3810,TEXARKANA,10,October,8,8,7,Saturday,2022,14,2:00pm-2:59pm,35,35,US-82,237,2,US Highway,2,Urban,3,Principal Arterial - Other,1,State Highway Agency,1,This section IS ON the NHS,0,No Special Jurisdiction,29,29,33.43011667,33.43011667,-93.97778889,-93.97778889,12,Motor Vehicle In-Transport,6,Angle,0,No,2,Intersection,2,Four-Way Intersection,1,On Roadway,0,None,1,Daylight,1,Clear,0,No,0000000,Not Applicable,99,Unknown,99,Unknown,99,Unknown EMS Scene Arrival Hour,99,Unknown EMS Scene Arrival Minutes,99,Unknown,99,Unknown EMS Hospital Arrival Time,1
5,Arkansas,50430,0,0,1,1,0,1,1,91,MILLER (91),0,NOT APPLICABLE,10,October,9,9,1,Sunday,2022,2,2:00am-2:59am,10,10,SR-160,NA,3,State Highway,1,Rural,5,Major Collector,1,State Highway Agency,0,This section IS NOT on the NHS,0,No Special Jurisdiction,95,95,33.09113333,33.09113333,-93.90655556,-93.90655556,59,Traffic Sign Support,0,The First Harmful Event was Not a Collision with a Motor Vehicle in Transport,0,No,1,Non-Junction,1,Not an Intersection,4,On Roadside,0,None,2,Dark - Not Lighted,1,Clear,0,No,0000000,Not Applicable,88,Not Applicable (Not Notified),88,Not Applicable (Not Notified),88,Not Applicable,88,Not Applicable,88,Not Applicable (Not Transported),88,Not Applicable (Not Transported),1
5,Arkansas,50431,0,0,2,2,0,2,2,79,LINCOLN (79),0,NOT APPLICABLE,9,September,27,27,3,Tuesday,2022,15,3:00pm-3:59pm,22,22,US-425,NA,2,US Highway,1,Rural,3,Principal Arterial - Other,1,State Highway Agency,1,This section IS ON the NHS,0,No Special Jurisdiction,44,44,33.99923889,33.99923889,-91.81434444,-91.81434444,12,Motor Vehicle In-Transport,2,Front-to-Front,0,No,1,Non-Junction,1,Not an Intersection,2,On Shoulder,0,None,1,Daylight,1,Clear,0,No,0000000,Not Applicable,15,3:00pm-3:59pm,27,27,15,3:00pm-3:59pm,32,32,88,Not Applicable (Not Transported),88,Not Applicable (Not Transported),1
5,Arkansas,50432,0,0,1,1,0,2,2,85,LONOKE (85),2350,LONOKE,10,October,16,16,1,Sunday,2022,22,10:00pm-10:59pm,16,16,CR-N WILLIE RAY DR,NA,4,County Road,2,Urban,7,Local,2,County Highway Agency,0,This section IS NOT on the NHS,0,No Special Jurisdiction,1,1,34.99768056,34.99768056,-92.00666667,-92.00666667,42,Tree (Standing Only),0,The First Harmful Event was Not a Collision with a Motor Vehicle in Transport,0,No,1,Non-Junction,1,Not an Intersection,6,Off Roadway-Location Unknown,0,None,2,Dark - Not Lighted,1,Clear,0,No,0000000,Not Applicable,22,10:00pm-10:59pm,18,18,22,10:00pm-10:59pm,28,28,99,Unknown,99,Unknown EMS Hospital Arrival Time,1
5,Arkansas,50433,0,0,1,1,0,2,2,119,PULASKI (119),0,NOT APPLICABLE,8,August,17,17,4,Wednesday,2022,12,12:00pm-12:59pm,18,18,CR-LAWSON RD,NA,4,County Road,1,Rural,7,Local,2,County Highway Agency,0,This section IS NOT on the NHS,0,No Special Jurisdiction,0,None,34.707725,34.707725,-92.42355556,-92.42355556,42,Tree (Standing Only),0,The First Harmful Event was Not a Collision with a Motor Vehicle in Transport,0,No,1,Non-Junction,1,Not an Intersection,4,On Roadside,0,None,1,Daylight,10,Cloudy,0,No,0000000,Not Applicable,99,Unknown,99,Unknown,99,Unknown EMS Scene Arrival Hour,99,Unknown EMS Scene Arrival Minutes,88,Not Applicable (Not Transported),88,Not Applicable (Not Transported),2
5,Arkansas,50434,0,0,2,2,0,2,2,67,JACKSON (67),0,NOT APPLICABLE,9,September,23,23,6,Friday,2022,23,11:00pm-11:59pm,29,29,US-67,NA,2,US Highway,1,Rural,2,Principal Arterial - Other Freeways and Expressways,60,Other Federal Agency,1,This section IS ON the NHS,0,No Special Jurisdiction,75,75,35.50539167,35.50539167,-91.31556111,-91.31556111,12,Motor Vehicle In-Transport,2,Front-to-Front,0,No,1,Non-Junction,1,Not an Intersection,1,On Roadway,0,None,2,Dark - Not Lighted,1,Clear,0,No,0000000,Not Applicable,23,11:00pm-11:59pm,34,34,23,11:00pm-11:59pm,40,40,88,Not Applicable (Not Transported),88,Not Applicable (Not Transported),1
5,Arkansas,50435,0,0,1,1,0,1,1,9,BOONE (9),0,NOT APPLICABLE,10,October,13,13,5,Thursday,2022,2,2:00am-2:59am,50,50,SR-281,NA,3,State Highway,1,Rural,5,Major Collector,1,State Highway Agency,0,This section IS NOT on the NHS,0,No Special Jurisdiction,82,82,36.4201,36.4201,-93.02028056,-93.02028056,38,Fence,0,The First Harmful Event was Not a Collision with a Motor Vehicle in Transport,0,No,1,Non-Junction,1,Not an Intersection,4,On Roadside,0,None,2,Dark - Not Lighted,1,Clear,0,No,0000000,Not Applicable,88,Not Applicable (Not Notified),88,Not Applicable (Not Notified),88,Not Applicable,88,Not Applicable,88,Not Applicable (Not Transported),88,Not Applicable (Not Transported),1
5,Arkansas,50436,0,0,1,1,0,1,1,65,IZARD (65),0,NOT APPLICABLE,9,September,10,10,7,Saturday,2022,1,1:00am-1:59am,0,0,SR-56,NA,3,State Highway,1,Rural,4,Minor Arterial,1,State Highway Agency,0,This section IS NOT on the NHS,0,No Special Jurisdiction,54,54,36.15305,36.15305,-91.85623056,-91.85623056,38,Fence,0,The First Harmful Event was Not a Collision with a Motor Vehicle in Transport,0,No,1,Non-Junction,1,Not an Intersection,4,On Roadside,0,None,9,Reported as Unknown,99,Reported as Unknown,0,No,0000000,Not Applicable,88,Not Applicable (Not Notified),88,Not Applicable (Not Notified),88,Not Applicable,88,Not Applicable,88,Not Applicable (Not Transported),88,Not Applicable (Not Transported),1
5,Arkansas,50437,0,0,2,2,0,7,7,79,LINCOLN (79),0,NOT APPLICABLE,10,October,7,7,6,Friday,2022,16,4:00pm-4:59pm,12,12,SR-530,114,3,State Highway,1,Rural,4,Minor Arterial,1,State Highway Agency,0,This section IS NOT on the NHS,0,No Special Jurisdiction,87,87,33.93175556,33.93175556,-91.88913611,-91.88913611,12,Motor Vehicle In-Transport,6,Angle,0,No,2,Intersection,2,Four-Way Intersection,1,On Roadway,0,None,1,Daylight,1,Clear,0,No,0000000,Not Applicable,16,4:00pm-4:59pm,13,13,16,4:00pm-4:59pm,29,29,99,Unknown,99,Unknown EMS Hospital Arrival Time,1
5,Arkansas,50438,1,1,1,1,0,1,1,7,BENTON (7),3390,ROGERS,10,October,8,8,7,Saturday,2022,13,1:00pm-1:59pm,50,50,CS-PINNACLE HILLS,NA,6,Local Street - Municipality,2,Urban,4,Minor Arterial,3,Town or Township Highway Agency,0,This section IS NOT on the NHS,0,No Special Jurisdiction,0,None,36.29575833,36.29575833,-94.18690278,-94.18690278,15,Non-Motorist on Personal Conveyance,0,The First Harmful Event was Not a Collision with a Motor Vehicle in Transport,0,No,8,Driveway Access Related,1,Not an Intersection,1,On Roadway,0,None,1,Daylight,1,Clear,0,No,0000000,Not Applicable,13,1:00pm-1:59pm,50,50,13,1:00pm-1:59pm,53,53,88,Not Applicable (Not Transported),88,Not Applicable (Not Transported),1
5,Arkansas,50439,0,0,2,2,0,2,2,131,SEBASTIAN (131),1630,GREENWOOD,10,October,4,4,3,Tuesday,2022,17,5:00pm-5:59pm,2,2,SR-10,NA,3,State Highway,1,Rural,4,Minor Arterial,1,State Highway Agency,0,This section IS NOT on the NHS,0,No Special Jurisdiction,23,23,35.20223611,35.20223611,-94.22204722,-94.22204722,12,Motor Vehicle In-Transport,2,Front-to-Front,0,No,1,Non-Junction,1,Not an Intersection,1,On Roadway,0,None,1,Daylight,1,Clear,0,No,0000000,Not Applicable,17,5:00pm-5:59pm,6,6,17,5:00pm-5:59pm,13,13,99,Unknown,99,Unknown EMS Hospital Arrival Time,1
5,Arkansas,50440,0,0,2,2,0,2,2,31,CRAIGHEAD (31),2070,JONESBORO,8,August,29,29,2,Monday,2022,3,3:00am-3:59am,33,33,I-555,NA,1,Interstate,2,Urban,1,Interstate,1,State Highway Agency,1,This section IS ON the NHS,0,No Special Jurisdiction,142,142,35.76449444,35.76449444,-90.57681667,-90.57681667,12,Motor Vehicle In-Transport,2,Front-to-Front,0,No,1,Non-Junction,1,Not an Intersection,1,On Roadway,0,None,2,Dark - Not Lighted,1,Clear,0,No,0000000,Not Applicable,3,3:00am-3:59am,40,40,3,3:00am-3:59am,55,55,88,Not Applicable (Not Transported),88,Not Applicable (Not Transported),2
5,Arkansas,50441,1,1,1,1,0,2,2,91,MILLER (91),0,NOT APPLICABLE,10,October,14,14,6,Friday,2022,21,9:00pm-9:59pm,37,37,US-71,NA,2,US Highway,1,Rural,4,Minor Arterial,1,State Highway Agency,0,This section IS NOT on the NHS,0,No Special Jurisdiction,142,142,33.21745833,33.21745833,-93.887200000000007,-93.887200000000007,8,Pedestrian,0,The First Harmful Event was Not a Collision with a Motor Vehicle in Transport,0,No,1,Non-Junction,1,Not an Intersection,1,On Roadway,0,None,2,Dark - Not Lighted,1,Clear,0,No,0000000,Not Applicable,21,9:00pm-9:59pm,37,37,21,9:00pm-9:59pm,53,53,88,Not Applicable (Not Transported),88,Not Applicable (Not Transported),1
5,Arkansas,50442,0,0,1,1,0,1,1,25,CLEVELAND (25),0,NOT APPLICABLE,10,October,18,18,3,Tuesday,2022,11,11:00am-11:59am,32,32,US-79,NA,2,US Highway,1,Rural,3,Principal Arterial - Other,1,State Highway Agency,1,This section IS ON the NHS,0,No Special Jurisdiction,13,13,33.86315556,33.86315556,-92.33385556,-92.33385556,32,Culvert,0,The First Harmful Event was Not a Collision with a Motor Vehicle in Transport,0,No,1,Non-Junction,1,Not an Intersection,4,On Roadside,0,None,1,Daylight,1,Clear,0,No,0000000,Not Applicable,11,11:00am-11:59am,50,50,11,11:00am-11:59am,59,59,99,Unknown,99,Unknown EMS Hospital Arrival Time,1
5,Arkansas,50443,0,0,2,2,0,2,2,137,STONE (137),0,NOT APPLICABLE,10,October,7,7,6,Friday,2022,17,5:00pm-5:59pm,37,37,SR-263,NA,3,State Highway,1,Rural,5,Major Collector,1,State Highway Agency,0,This section IS NOT on the NHS,0,No Special Jurisdiction,16,16,35.71538333,35.71538333,-92.13371389,-92.13371389,12,Motor Vehicle In-Transport,2,Front-to-Front,0,No,1,Non-Junction,1,Not an Intersection,1,On Roadway,0,None,1,Daylight,1,Clear,0,No,0000000,Not Applicable,17,5:00pm-5:59pm,46,46,17,5:00pm-5:59pm,50,50,99,Unknown,99,Unknown EMS Hospital Arrival Time,1
5,Arkansas,50444,0,0,2,2,0,2,2,125,SALINE (125),0,NOT APPLICABLE,10,October,8,8,7,Saturday,2022,16,4:00pm-4:59pm,58,58,CR-CONGO FERNDALE RD,E LAWSON RD,4,County Road,1,Rural,4,Minor Arterial,2,County Highway Agency,0,This section IS NOT on the NHS,0,No Special Jurisdiction,0,None,34.71368889,34.71368889,-92.57746111,-92.57746111,12,Motor Vehicle In-Transport,6,Angle,0,No,2,Intersection,2,Four-Way Intersection,1,On Roadway,0,None,1,Daylight,1,Clear,0,No,0000000,Not Applicable,16,4:00pm-4:59pm,58,58,17,5:00pm-5:59pm,10,10,88,Not Applicable (Not Transported),88,Not Applicable (Not Transported),1
5,Arkansas,50445,0,0,1,1,0,1,1,93,MISSISSIPPI (93),450,BLYTHEVILLE,10,October,7,7,6,Friday,2022,13,1:00pm-1:59pm,0,0,CS-S ELM ST,CS-DOGWOOD ST,6,Local Street - Municipality,2,Urban,5,Major Collector,3,Town or Township Highway Agency,0,This section IS NOT on the NHS,0,No Special Jurisdiction,23,23,35.89326389,35.89326389,-89.90978611,-89.90978611,42,Tree (Standing Only),0,The First Harmful Event was Not a Collision with a Motor Vehicle in Transport,0,No,3,Intersection-Related,10,L-Intersection,4,On Roadside,0,None,1,Daylight,1,Clear,0,No,0000000,Not Applicable,13,1:00pm-1:59pm,26,26,13,1:00pm-1:59pm,57,57,99,Unknown,99,Unknown EMS Hospital Arrival Time,1
5,Arkansas,50446,0,0,1,1,0,1,1,51,GARLAND (51),1907,HOT SPRINGS,10,October,22,22,7,Saturday,2022,21,9:00pm-9:59pm,20,20,CS-ROSEWOOD ST,SPRUCE ST,6,Local Street - Municipality,2,Urban,7,Local,4,City or Municipal Highway Agency,0,This section IS NOT on the NHS,0,No Special Jurisdiction,1,1,34.46946389,34.46946389,-93.08113333,-93.08113333,32,Culvert,0,The First Harmful Event was Not a Collision with a Motor Vehicle in Transport,0,No,3,Intersection-Related,2,Four-Way Intersection,4,On Roadside,0,None,3,Dark - Lighted,1,Clear,0,No,0000000,Not Applicable,21,9:00pm-9:59pm,30,30,21,9:00pm-9:59pm,35,35,99,Unknown,99,Unknown EMS Hospital Arrival Time,1
5,Arkansas,50447,0,0,1,1,0,1,1,33,CRAWFORD (33),0,NOT APPLICABLE,10,October,16,16,1,Sunday,2022,17,5:00pm-5:59pm,20,20,CR-WEBBER CREEK RD,NA,4,County Road,1,Rural,7,Local,2,County Highway Agency,0,This section IS NOT on the NHS,0,No Special Jurisdiction,0,None,35.52614167,35.52614167,-94.43322222,-94.43322222,42,Tree (Standing Only),0,The First Harmful Event was Not a Collision with a Motor Vehicle in Transport,0,No,1,Non-Junction,1,Not an Intersection,4,On Roadside,0,None,1,Daylight,1,Clear,0,No,0000000,Not Applicable,17,5:00pm-5:59pm,30,30,17,5:00pm-5:59pm,50,50,99,Unknown,99,Unknown EMS Hospital Arrival Time,1